-- phpMyAdmin SQL Dump
-- version 4.6.5.2
-- https://www.phpmyadmin.net/
--
-- Host: localhost
-- Generation Time: Nov 07, 2019 at 02:20 PM
-- Server version: 5.5.31
-- PHP Version: 7.0.31

SET SQL_MODE = "NO_AUTO_VALUE_ON_ZERO";
SET time_zone = "+00:00";


/*!40101 SET @OLD_CHARACTER_SET_CLIENT=@@CHARACTER_SET_CLIENT */;
/*!40101 SET @OLD_CHARACTER_SET_RESULTS=@@CHARACTER_SET_RESULTS */;
/*!40101 SET @OLD_COLLATION_CONNECTION=@@COLLATION_CONNECTION */;
/*!40101 SET NAMES utf8mb4 */;

--
-- Database: `ktmoi_test`
--

-- --------------------------------------------------------

--
-- Table structure for table `auth_assignment`
--

CREATE TABLE `auth_assignment` (
  `item_name` varchar(64) COLLATE utf8_unicode_ci NOT NULL,
  `user_id` int(11) NOT NULL,
  `created_at` int(11) DEFAULT NULL
) ENGINE=InnoDB DEFAULT CHARSET=utf8 COLLATE=utf8_unicode_ci;

--
-- Dumping data for table `auth_assignment`
--

INSERT INTO `auth_assignment` (`item_name`, `user_id`, `created_at`) VALUES
('Admin', 1, 1523331226),
('kientrucseo', 9, 1572260576),
('kientrucseo', 12, 1558066142),
('marketingProject', 6, 1531963813),
('marketingProject', 9, 1572260576),
('part-time', 9, 1572260576),
('part-time', 10, 1558510718),
('part-time', 13, 1558421195),
('part-time', 14, 1558422182),
('part-time', 15, 1558422514),
('part-time', 16, 1558661009),
('part-time', 17, 1558661036),
('part-time', 18, 1558661128),
('part-time', 19, 1558661158),
('part-time', 21, 1558661212),
('part-time', 22, 1558661249),
('Quanli', 2, 1531203049),
('Quanli', 9, 1572260579),
('SaleAdmin', 8, 1534323623),
('SaleAdmin', 9, 1572260576),
('timeline', 9, 1572260576),
('user', 5, NULL),
('user', 9, 1572260585),
('user_project', 7, 1535613096),
('user_project', 9, 1572260576),
('user_project', 10, 1535613507),
('user_project', 12, 1559178880);

-- --------------------------------------------------------

--
-- Table structure for table `auth_item`
--

CREATE TABLE `auth_item` (
  `name` varchar(64) COLLATE utf8_unicode_ci NOT NULL,
  `type` int(11) NOT NULL,
  `description` text COLLATE utf8_unicode_ci,
  `rule_name` varchar(64) COLLATE utf8_unicode_ci DEFAULT NULL,
  `data` text COLLATE utf8_unicode_ci,
  `created_at` int(11) DEFAULT NULL,
  `updated_at` int(11) DEFAULT NULL
) ENGINE=InnoDB DEFAULT CHARSET=utf8 COLLATE=utf8_unicode_ci;

--
-- Dumping data for table `auth_item`
--

INSERT INTO `auth_item` (`name`, `type`, `description`, `rule_name`, `data`, `created_at`, `updated_at`) VALUES
('/*', 2, NULL, NULL, NULL, 1523331108, 1523331108),
('/admin/*', 2, NULL, NULL, NULL, 1523331238, 1523331238),
('/admin/assignment/*', 2, NULL, NULL, NULL, 1523331238, 1523331238),
('/admin/assignment/assign', 2, NULL, NULL, NULL, 1523331238, 1523331238),
('/admin/assignment/index', 2, NULL, NULL, NULL, 1523331238, 1523331238),
('/admin/assignment/revoke', 2, NULL, NULL, NULL, 1523331238, 1523331238),
('/admin/assignment/view', 2, NULL, NULL, NULL, 1523331238, 1523331238),
('/admin/default/*', 2, NULL, NULL, NULL, 1523331238, 1523331238),
('/admin/default/index', 2, NULL, NULL, NULL, 1523331238, 1523331238),
('/admin/menu/*', 2, NULL, NULL, NULL, 1523331238, 1523331238),
('/admin/menu/create', 2, NULL, NULL, NULL, 1523331238, 1523331238),
('/admin/menu/delete', 2, NULL, NULL, NULL, 1523331238, 1523331238),
('/admin/menu/index', 2, NULL, NULL, NULL, 1523331238, 1523331238),
('/admin/menu/update', 2, NULL, NULL, NULL, 1523331238, 1523331238),
('/admin/menu/view', 2, NULL, NULL, NULL, 1523331238, 1523331238),
('/admin/permission/*', 2, NULL, NULL, NULL, 1523331238, 1523331238),
('/admin/permission/assign', 2, NULL, NULL, NULL, 1523331238, 1523331238),
('/admin/permission/create', 2, NULL, NULL, NULL, 1523331238, 1523331238),
('/admin/permission/delete', 2, NULL, NULL, NULL, 1523331238, 1523331238),
('/admin/permission/index', 2, NULL, NULL, NULL, 1523331238, 1523331238),
('/admin/permission/remove', 2, NULL, NULL, NULL, 1523331238, 1523331238),
('/admin/permission/update', 2, NULL, NULL, NULL, 1523331238, 1523331238),
('/admin/permission/view', 2, NULL, NULL, NULL, 1523331238, 1523331238),
('/admin/role/*', 2, NULL, NULL, NULL, 1523331238, 1523331238),
('/admin/role/assign', 2, NULL, NULL, NULL, 1523331238, 1523331238),
('/admin/role/create', 2, NULL, NULL, NULL, 1523331238, 1523331238),
('/admin/role/delete', 2, NULL, NULL, NULL, 1523331238, 1523331238),
('/admin/role/index', 2, NULL, NULL, NULL, 1523331238, 1523331238),
('/admin/role/remove', 2, NULL, NULL, NULL, 1523331238, 1523331238),
('/admin/role/update', 2, NULL, NULL, NULL, 1523331238, 1523331238),
('/admin/role/view', 2, NULL, NULL, NULL, 1523331238, 1523331238),
('/admin/route/*', 2, NULL, NULL, NULL, 1523331238, 1523331238),
('/admin/route/assign', 2, NULL, NULL, NULL, 1523331238, 1523331238),
('/admin/route/create', 2, NULL, NULL, NULL, 1523331238, 1523331238),
('/admin/route/index', 2, NULL, NULL, NULL, 1523331238, 1523331238),
('/admin/route/refresh', 2, NULL, NULL, NULL, 1523331238, 1523331238),
('/admin/route/remove', 2, NULL, NULL, NULL, 1523331238, 1523331238),
('/admin/rule/*', 2, NULL, NULL, NULL, 1523331238, 1523331238),
('/admin/rule/create', 2, NULL, NULL, NULL, 1523331238, 1523331238),
('/admin/rule/delete', 2, NULL, NULL, NULL, 1523331238, 1523331238),
('/admin/rule/index', 2, NULL, NULL, NULL, 1523331238, 1523331238),
('/admin/rule/update', 2, NULL, NULL, NULL, 1523331238, 1523331238),
('/admin/rule/view', 2, NULL, NULL, NULL, 1523331238, 1523331238),
('/admin/user/*', 2, NULL, NULL, NULL, 1523331238, 1523331238),
('/admin/user/activate', 2, NULL, NULL, NULL, 1523331238, 1523331238),
('/admin/user/admin-change-password', 2, NULL, NULL, NULL, 1523331238, 1523331238),
('/admin/user/change-password', 2, NULL, NULL, NULL, 1523331238, 1523331238),
('/admin/user/create', 2, NULL, NULL, NULL, 1523331238, 1523331238),
('/admin/user/delete', 2, NULL, NULL, NULL, 1523331238, 1523331238),
('/admin/user/index', 2, NULL, NULL, NULL, 1523331238, 1523331238),
('/admin/user/login', 2, NULL, NULL, NULL, 1523331238, 1523331238),
('/admin/user/logout', 2, NULL, NULL, NULL, 1523331238, 1523331238),
('/admin/user/request-password-reset', 2, NULL, NULL, NULL, 1523331238, 1523331238),
('/admin/user/reset-password', 2, NULL, NULL, NULL, 1523331238, 1523331238),
('/admin/user/signup', 2, NULL, NULL, NULL, 1523331238, 1523331238),
('/admin/user/update', 2, NULL, NULL, NULL, 1523331238, 1523331238),
('/admin/user/view', 2, NULL, NULL, NULL, 1523331238, 1523331238),
('/advert/*', 2, NULL, NULL, NULL, 1523331238, 1523331238),
('/advert/create', 2, NULL, NULL, NULL, 1523331238, 1523331238),
('/advert/delete', 2, NULL, NULL, NULL, 1523331238, 1523331238),
('/advert/index', 2, NULL, NULL, NULL, 1523331238, 1523331238),
('/advert/update', 2, NULL, NULL, NULL, 1523331238, 1523331238),
('/advert/view', 2, NULL, NULL, NULL, 1523331238, 1523331238),
('/ajax/*', 2, NULL, NULL, NULL, 1523349258, 1523349258),
('/ajax/ajax-create-link', 2, NULL, NULL, NULL, 1523349258, 1523349258),
('/ajax/ajax-loading-list-image', 2, NULL, NULL, NULL, 1523354405, 1523354405),
('/ajax/my-image', 2, NULL, NULL, NULL, 1523354405, 1523354405),
('/ajax/postlist', 2, NULL, NULL, NULL, 1523354405, 1523354405),
('/ajax/tags-link', 2, NULL, NULL, NULL, 1523354405, 1523354405),
('/ajax/thongke-post', 2, NULL, NULL, NULL, 1552898619, 1552898619),
('/ajax/thongke-user', 2, NULL, NULL, NULL, 1552898619, 1552898619),
('/album/*', 2, NULL, NULL, NULL, 1523331238, 1523331238),
('/album/create', 2, NULL, NULL, NULL, 1523331238, 1523331238),
('/album/delete', 2, NULL, NULL, NULL, 1523331238, 1523331238),
('/album/get-ip', 2, NULL, NULL, NULL, 1526887829, 1526887829),
('/album/index', 2, NULL, NULL, NULL, 1523331238, 1523331238),
('/album/index-photo', 2, NULL, NULL, NULL, 1571394201, 1571394201),
('/album/index-project', 2, NULL, NULL, NULL, 1571394201, 1571394201),
('/album/update', 2, NULL, NULL, NULL, 1523331238, 1523331238),
('/album/view', 2, NULL, NULL, NULL, 1523331238, 1523331238),
('/article-introduce/*', 2, NULL, NULL, NULL, 1534220403, 1534220403),
('/article-introduce/create', 2, NULL, NULL, NULL, 1534220403, 1534220403),
('/article-introduce/delete', 2, NULL, NULL, NULL, 1534220403, 1534220403),
('/article-introduce/index', 2, NULL, NULL, NULL, 1534220402, 1534220402),
('/article-introduce/update', 2, NULL, NULL, NULL, 1534220403, 1534220403),
('/article-introduce/view', 2, NULL, NULL, NULL, 1534220403, 1534220403),
('/article-link/*', 2, NULL, NULL, NULL, 1557304237, 1557304237),
('/article-link/create', 2, NULL, NULL, NULL, 1557304237, 1557304237),
('/article-link/delete', 2, NULL, NULL, NULL, 1557304237, 1557304237),
('/article-link/update', 2, NULL, NULL, NULL, 1557304237, 1557304237),
('/article-link/view', 2, NULL, NULL, NULL, 1557304237, 1557304237),
('/article-share/*', 2, NULL, NULL, NULL, 1534220500, 1534220500),
('/article-share/create', 2, NULL, NULL, NULL, 1534220500, 1534220500),
('/article-share/delete', 2, NULL, NULL, NULL, 1534220500, 1534220500),
('/article-share/index', 2, NULL, NULL, NULL, 1534220500, 1534220500),
('/article-share/update', 2, NULL, NULL, NULL, 1534220500, 1534220500),
('/article-share/view', 2, NULL, NULL, NULL, 1534220500, 1534220500),
('/article-vs-form/*', 2, NULL, NULL, NULL, 1557908205, 1557908205),
('/article-vs-form/create', 2, NULL, NULL, NULL, 1557908205, 1557908205),
('/article-vs-form/delete', 2, NULL, NULL, NULL, 1557908205, 1557908205),
('/article-vs-form/index', 2, NULL, NULL, NULL, 1557908205, 1557908205),
('/article-vs-form/update', 2, NULL, NULL, NULL, 1557908205, 1557908205),
('/article-vs-form/view', 2, NULL, NULL, NULL, 1557908205, 1557908205),
('/article/*', 2, NULL, NULL, NULL, 1523331238, 1523331238),
('/article/create', 2, NULL, NULL, NULL, 1523331238, 1523331238),
('/article/delete', 2, NULL, NULL, NULL, 1523331238, 1523331238),
('/article/index', 2, NULL, NULL, NULL, 1523331238, 1523331238),
('/article/index-all', 2, NULL, NULL, NULL, 1551775203, 1551775203),
('/article/update', 2, NULL, NULL, NULL, 1523331238, 1523331238),
('/article/view', 2, NULL, NULL, NULL, 1523331238, 1523331238),
('/ask-kts/*', 2, NULL, NULL, NULL, 1528351820, 1528351820),
('/ask-kts/change-status', 2, NULL, NULL, NULL, 1557908205, 1557908205),
('/ask-kts/change-time-change', 2, NULL, NULL, NULL, 1557908205, 1557908205),
('/ask-kts/create', 2, NULL, NULL, NULL, 1528351820, 1528351820),
('/ask-kts/delete', 2, NULL, NULL, NULL, 1528351820, 1528351820),
('/ask-kts/index', 2, NULL, NULL, NULL, 1528351820, 1528351820),
('/ask-kts/update', 2, NULL, NULL, NULL, 1528351820, 1528351820),
('/ask-kts/view', 2, NULL, NULL, NULL, 1528351820, 1528351820),
('/ask/*', 2, NULL, NULL, NULL, 1523331238, 1523331238),
('/ask/change-status', 2, NULL, NULL, NULL, 1557908205, 1557908205),
('/ask/change-time-change', 2, NULL, NULL, NULL, 1557908205, 1557908205),
('/ask/create', 2, NULL, NULL, NULL, 1523331238, 1523331238),
('/ask/delete', 2, NULL, NULL, NULL, 1523331238, 1523331238),
('/ask/index', 2, NULL, NULL, NULL, 1523331238, 1523331238),
('/ask/update', 2, NULL, NULL, NULL, 1523331238, 1523331238),
('/ask/view', 2, NULL, NULL, NULL, 1523331238, 1523331238),
('/category/*', 2, NULL, NULL, NULL, 1523331238, 1523331238),
('/category/ajax-cate-type', 2, NULL, NULL, NULL, 1525332810, 1525332810),
('/category/create', 2, NULL, NULL, NULL, 1523331238, 1523331238),
('/category/delete', 2, NULL, NULL, NULL, 1523331238, 1523331238),
('/category/drop-demo', 2, NULL, NULL, NULL, 1525332810, 1525332810),
('/category/index', 2, NULL, NULL, NULL, 1523331238, 1523331238),
('/category/test-mail', 2, NULL, NULL, NULL, 1557908205, 1557908205),
('/category/update', 2, NULL, NULL, NULL, 1523331238, 1523331238),
('/category/view', 2, NULL, NULL, NULL, 1523331238, 1523331238),
('/chat/*', 2, NULL, NULL, NULL, 1571021914, 1571021914),
('/chat/create', 2, NULL, NULL, NULL, 1571021914, 1571021914),
('/chat/delete', 2, NULL, NULL, NULL, 1571021914, 1571021914),
('/chat/index', 2, NULL, NULL, NULL, 1571021913, 1571021913),
('/chat/room', 2, NULL, NULL, NULL, 1571021914, 1571021914),
('/chat/update', 2, NULL, NULL, NULL, 1571021914, 1571021914),
('/chat/view', 2, NULL, NULL, NULL, 1571021914, 1571021914),
('/city-province/*', 2, NULL, NULL, NULL, 1557908205, 1557908205),
('/city-province/create', 2, NULL, NULL, NULL, 1557908205, 1557908205),
('/city-province/delete', 2, NULL, NULL, NULL, 1557908205, 1557908205),
('/city-province/index', 2, NULL, NULL, NULL, 1537341580, 1537341580),
('/city-province/update', 2, NULL, NULL, NULL, 1537341521, 1537341521),
('/city-province/view', 2, NULL, NULL, NULL, 1537341521, 1537341521),
('/comment/*', 2, NULL, NULL, NULL, 1523331238, 1523331238),
('/comment/create', 2, NULL, NULL, NULL, 1523331238, 1523331238),
('/comment/delete', 2, NULL, NULL, NULL, 1523331238, 1523331238),
('/comment/index', 2, NULL, NULL, NULL, 1523331238, 1523331238),
('/comment/update', 2, NULL, NULL, NULL, 1523331238, 1523331238),
('/comment/view', 2, NULL, NULL, NULL, 1523331238, 1523331238),
('/company/*', 2, NULL, NULL, NULL, 1523331238, 1523331238),
('/company/create', 2, NULL, NULL, NULL, 1523331238, 1523331238),
('/company/delete', 2, NULL, NULL, NULL, 1523331238, 1523331238),
('/company/index', 2, NULL, NULL, NULL, 1523331238, 1523331238),
('/company/update', 2, NULL, NULL, NULL, 1523331238, 1523331238),
('/company/view', 2, NULL, NULL, NULL, 1523331238, 1523331238),
('/customer-info/*', 2, NULL, NULL, NULL, 1523331238, 1523331238),
('/customer-info/create', 2, NULL, NULL, NULL, 1523331238, 1523331238),
('/customer-info/delete', 2, NULL, NULL, NULL, 1523331238, 1523331238),
('/customer-info/index', 2, NULL, NULL, NULL, 1523331238, 1523331238),
('/customer-info/index-cn', 2, NULL, NULL, NULL, 1571021914, 1571021914),
('/customer-info/index-kd', 2, NULL, NULL, NULL, 1571021914, 1571021914),
('/customer-info/index-kts', 2, NULL, NULL, NULL, 1571021914, 1571021914),
('/customer-info/show-project', 2, NULL, NULL, NULL, 1572336256, 1572336256),
('/customer-info/update', 2, NULL, NULL, NULL, 1523331238, 1523331238),
('/customer-info/view', 2, NULL, NULL, NULL, 1523331238, 1523331238),
('/customer-level/*', 2, NULL, NULL, NULL, 1523331238, 1523331238),
('/customer-level/create', 2, NULL, NULL, NULL, 1523331238, 1523331238),
('/customer-level/delete', 2, NULL, NULL, NULL, 1523331238, 1523331238),
('/customer-level/index', 2, NULL, NULL, NULL, 1523331238, 1523331238),
('/customer-level/update', 2, NULL, NULL, NULL, 1523331238, 1523331238),
('/customer-level/view', 2, NULL, NULL, NULL, 1523331238, 1523331238),
('/customer-vs-note/*', 2, NULL, NULL, NULL, 1525333051, 1525333051),
('/customer-vs-note/create', 2, NULL, NULL, NULL, 1525333051, 1525333051),
('/customer-vs-note/delete', 2, NULL, NULL, NULL, 1525333051, 1525333051),
('/customer-vs-note/index', 2, NULL, NULL, NULL, 1525333051, 1525333051),
('/customer-vs-note/update', 2, NULL, NULL, NULL, 1525333051, 1525333051),
('/customer-vs-note/view', 2, NULL, NULL, NULL, 1525333051, 1525333051),
('/customer/*', 2, NULL, NULL, NULL, 1523331238, 1523331238),
('/customer/ajax-delete-unit-price', 2, NULL, NULL, NULL, 1526887835, 1526887835),
('/customer/captcha', 2, NULL, NULL, NULL, 1571021914, 1571021914),
('/customer/change-status', 2, NULL, NULL, NULL, 1557908205, 1557908205),
('/customer/create', 2, NULL, NULL, NULL, 1523331238, 1523331238),
('/customer/delete', 2, NULL, NULL, NULL, 1523331238, 1523331238),
('/customer/error', 2, NULL, NULL, NULL, 1571021914, 1571021914),
('/customer/index', 2, NULL, NULL, NULL, 1523331238, 1523331238),
('/customer/login-index', 2, NULL, NULL, NULL, 1527736199, 1527736199),
('/customer/subcat1', 2, NULL, NULL, NULL, 1571021914, 1571021914),
('/customer/subcat2', 2, NULL, NULL, NULL, 1571021914, 1571021914),
('/customer/update', 2, NULL, NULL, NULL, 1523331238, 1523331238),
('/customer/view', 2, NULL, NULL, NULL, 1523331238, 1523331238),
('/dashboard/*', 2, NULL, NULL, NULL, 1557908205, 1557908205),
('/dashboard/index', 2, NULL, NULL, NULL, 1544002902, 1544002902),
('/dashboard/post', 2, NULL, NULL, NULL, 1544002902, 1544002902),
('/dashboard/user', 2, NULL, NULL, NULL, 1544002902, 1544002902),
('/database/*', 2, NULL, NULL, NULL, 1531188679, 1531188679),
('/database/runmail', 2, NULL, NULL, NULL, 1544598326, 1544598326),
('/debug/*', 2, NULL, NULL, NULL, 1523331238, 1523331238),
('/debug/default/*', 2, NULL, NULL, NULL, 1523331238, 1523331238),
('/debug/default/db-explain', 2, NULL, NULL, NULL, 1523331238, 1523331238),
('/debug/default/download-mail', 2, NULL, NULL, NULL, 1523331238, 1523331238),
('/debug/default/index', 2, NULL, NULL, NULL, 1523331238, 1523331238),
('/debug/default/toolbar', 2, NULL, NULL, NULL, 1523331238, 1523331238),
('/debug/default/view', 2, NULL, NULL, NULL, 1523331238, 1523331238),
('/debug/user/*', 2, NULL, NULL, NULL, 1523331238, 1523331238),
('/debug/user/reset-identity', 2, NULL, NULL, NULL, 1523331238, 1523331238),
('/debug/user/set-identity', 2, NULL, NULL, NULL, 1523331238, 1523331238),
('/department/*', 2, NULL, NULL, NULL, 1557908205, 1557908205),
('/department/create', 2, NULL, NULL, NULL, 1537343444, 1537343444),
('/department/delete', 2, NULL, NULL, NULL, 1537343444, 1537343444),
('/department/index', 2, NULL, NULL, NULL, 1537343444, 1537343444),
('/department/update', 2, NULL, NULL, NULL, 1537343444, 1537343444),
('/department/view', 2, NULL, NULL, NULL, 1537343444, 1537343444),
('/discuss-kts/*', 2, NULL, NULL, NULL, 1552375047, 1552375047),
('/discuss-kts/change-status', 2, NULL, NULL, NULL, 1552375047, 1552375047),
('/discuss-kts/change-time-change', 2, NULL, NULL, NULL, 1552375047, 1552375047),
('/discuss-kts/create', 2, NULL, NULL, NULL, 1552375047, 1552375047),
('/discuss-kts/delete', 2, NULL, NULL, NULL, 1552375047, 1552375047),
('/discuss-kts/index', 2, NULL, NULL, NULL, 1552375047, 1552375047),
('/discuss-kts/update', 2, NULL, NULL, NULL, 1552375047, 1552375047),
('/discuss-kts/view', 2, NULL, NULL, NULL, 1552375047, 1552375047),
('/discuss-nvkd/*', 2, NULL, NULL, NULL, 1552375047, 1552375047),
('/discuss-nvkd/change-status', 2, NULL, NULL, NULL, 1552375047, 1552375047),
('/discuss-nvkd/change-time-change', 2, NULL, NULL, NULL, 1552375047, 1552375047),
('/discuss-nvkd/create', 2, NULL, NULL, NULL, 1552375047, 1552375047),
('/discuss-nvkd/delete', 2, NULL, NULL, NULL, 1552375047, 1552375047),
('/discuss-nvkd/index', 2, NULL, NULL, NULL, 1552375047, 1552375047),
('/discuss-nvkd/update', 2, NULL, NULL, NULL, 1552375047, 1552375047),
('/discuss-nvkd/view', 2, NULL, NULL, NULL, 1552375047, 1552375047),
('/discuss/*', 2, NULL, NULL, NULL, 1523331238, 1523331238),
('/discuss/change-status', 2, NULL, NULL, NULL, 1541726532, 1541726532),
('/discuss/change-time-change', 2, NULL, NULL, NULL, 1541726532, 1541726532),
('/discuss/create', 2, NULL, NULL, NULL, 1523331238, 1523331238),
('/discuss/delete', 2, NULL, NULL, NULL, 1523331238, 1523331238),
('/discuss/index', 2, NULL, NULL, NULL, 1523331238, 1523331238),
('/discuss/update', 2, NULL, NULL, NULL, 1523331238, 1523331238),
('/discuss/view', 2, NULL, NULL, NULL, 1523331238, 1523331238),
('/elfinder/*', 2, NULL, NULL, NULL, 1523331238, 1523331238),
('/elfinder/ckeditor', 2, NULL, NULL, NULL, 1523331238, 1523331238),
('/elfinder/connector', 2, NULL, NULL, NULL, 1523331238, 1523331238),
('/elfinder/input', 2, NULL, NULL, NULL, 1523331238, 1523331238),
('/elfinder/tinymce', 2, NULL, NULL, NULL, 1523331238, 1523331238),
('/file-download/*', 2, NULL, NULL, NULL, 1535597362, 1535597362),
('/file-download/create', 2, NULL, NULL, NULL, 1535597362, 1535597362),
('/file-download/delete', 2, NULL, NULL, NULL, 1535597362, 1535597362),
('/file-download/index', 2, NULL, NULL, NULL, 1535597362, 1535597362),
('/file-download/update', 2, NULL, NULL, NULL, 1535597362, 1535597362),
('/file-download/view', 2, NULL, NULL, NULL, 1535597362, 1535597362),
('/form-article/*', 2, NULL, NULL, NULL, 1557716339, 1557716339),
('/form-article/create', 2, NULL, NULL, NULL, 1557716339, 1557716339),
('/form-article/create-ques', 2, NULL, NULL, NULL, 1557820366, 1557820366),
('/form-article/delete', 2, NULL, NULL, NULL, 1557716339, 1557716339),
('/form-article/delete-ques', 2, NULL, NULL, NULL, 1557908205, 1557908205),
('/form-article/index', 2, NULL, NULL, NULL, 1557716339, 1557716339),
('/form-article/update', 2, NULL, NULL, NULL, 1557716339, 1557716339),
('/form-article/update-ques', 2, NULL, NULL, NULL, 1557908205, 1557908205),
('/form-article/view', 2, NULL, NULL, NULL, 1557716339, 1557716339),
('/gift-change-info/*', 2, NULL, NULL, NULL, 1557908205, 1557908205),
('/gift-change-info/create', 2, NULL, NULL, NULL, 1557908205, 1557908205),
('/gift-change-info/delete', 2, NULL, NULL, NULL, 1557908205, 1557908205),
('/gift-change-info/index', 2, NULL, NULL, NULL, 1557908205, 1557908205),
('/gift-change-info/update', 2, NULL, NULL, NULL, 1557908205, 1557908205),
('/gift-change-info/view', 2, NULL, NULL, NULL, 1557908205, 1557908205),
('/gift-change/*', 2, NULL, NULL, NULL, 1543282896, 1543282896),
('/gift-change/create', 2, NULL, NULL, NULL, 1543282896, 1543282896),
('/gift-change/delete', 2, NULL, NULL, NULL, 1543282896, 1543282896),
('/gift-change/index', 2, NULL, NULL, NULL, 1543282896, 1543282896),
('/gift-change/update', 2, NULL, NULL, NULL, 1543282896, 1543282896),
('/gift-change/view', 2, NULL, NULL, NULL, 1543282896, 1543282896),
('/gift-kts/*', 2, NULL, NULL, NULL, 1543282896, 1543282896),
('/gift-kts/create', 2, NULL, NULL, NULL, 1543282896, 1543282896),
('/gift-kts/delete', 2, NULL, NULL, NULL, 1543282896, 1543282896),
('/gift-kts/index', 2, NULL, NULL, NULL, 1543282896, 1543282896),
('/gift-kts/update', 2, NULL, NULL, NULL, 1543282896, 1543282896),
('/gift-kts/view', 2, NULL, NULL, NULL, 1543282896, 1543282896),
('/gift-list/*', 2, NULL, NULL, NULL, 1543282896, 1543282896),
('/gift-list/create', 2, NULL, NULL, NULL, 1543282896, 1543282896),
('/gift-list/delete', 2, NULL, NULL, NULL, 1543282896, 1543282896),
('/gift-list/index', 2, NULL, NULL, NULL, 1543282896, 1543282896),
('/gift-list/update', 2, NULL, NULL, NULL, 1543282896, 1543282896),
('/gift-list/view', 2, NULL, NULL, NULL, 1543282896, 1543282896),
('/gift-present-new/*', 2, NULL, NULL, NULL, 1545010034, 1545010034),
('/gift-present-new/create', 2, NULL, NULL, NULL, 1545010034, 1545010034),
('/gift-present-new/delete', 2, NULL, NULL, NULL, 1545010034, 1545010034),
('/gift-present-new/index', 2, NULL, NULL, NULL, 1545010033, 1545010033),
('/gift-present-new/update', 2, NULL, NULL, NULL, 1545010034, 1545010034),
('/gift-present-new/update-all', 2, NULL, NULL, NULL, 1545010034, 1545010034),
('/gift-present-new/update-note', 2, NULL, NULL, NULL, 1545010034, 1545010034),
('/gift-present-new/view', 2, NULL, NULL, NULL, 1545010034, 1545010034),
('/gift-present/*', 2, NULL, NULL, NULL, 1543282896, 1543282896),
('/gift-present/create', 2, NULL, NULL, NULL, 1543282896, 1543282896),
('/gift-present/delete', 2, NULL, NULL, NULL, 1543282896, 1543282896),
('/gift-present/index', 2, NULL, NULL, NULL, 1543282896, 1543282896),
('/gift-present/update', 2, NULL, NULL, NULL, 1543282896, 1543282896),
('/gift-present/update-all', 2, NULL, NULL, NULL, 1543308360, 1543308360),
('/gift-present/update-note', 2, NULL, NULL, NULL, 1543306962, 1543306962),
('/gift-present/view', 2, NULL, NULL, NULL, 1543282896, 1543282896),
('/gift-vs-article/*', 2, NULL, NULL, NULL, 1543282896, 1543282896),
('/gift-vs-article/create', 2, NULL, NULL, NULL, 1543282896, 1543282896),
('/gift-vs-article/delete', 2, NULL, NULL, NULL, 1543282896, 1543282896),
('/gift-vs-article/index', 2, NULL, NULL, NULL, 1543282896, 1543282896),
('/gift-vs-article/update', 2, NULL, NULL, NULL, 1543282896, 1543282896),
('/gift-vs-article/view', 2, NULL, NULL, NULL, 1543282896, 1543282896),
('/gift-vs-post/*', 2, NULL, NULL, NULL, 1543282896, 1543282896),
('/gift-vs-post/create', 2, NULL, NULL, NULL, 1543282896, 1543282896),
('/gift-vs-post/delete', 2, NULL, NULL, NULL, 1543282896, 1543282896),
('/gift-vs-post/index', 2, NULL, NULL, NULL, 1543282896, 1543282896),
('/gift-vs-post/update', 2, NULL, NULL, NULL, 1543282896, 1543282896),
('/gift-vs-post/view', 2, NULL, NULL, NULL, 1543282896, 1543282896),
('/gii/*', 2, NULL, NULL, NULL, 1523331238, 1523331238),
('/gii/default/*', 2, NULL, NULL, NULL, 1523331238, 1523331238),
('/gii/default/action', 2, NULL, NULL, NULL, 1523331238, 1523331238),
('/gii/default/diff', 2, NULL, NULL, NULL, 1523331238, 1523331238),
('/gii/default/index', 2, NULL, NULL, NULL, 1523331238, 1523331238),
('/gii/default/preview', 2, NULL, NULL, NULL, 1523331238, 1523331238),
('/gii/default/view', 2, NULL, NULL, NULL, 1523331238, 1523331238),
('/gridview/*', 2, NULL, NULL, NULL, 1523331238, 1523331238),
('/gridview/export/*', 2, NULL, NULL, NULL, 1523331238, 1523331238),
('/gridview/export/download', 2, NULL, NULL, NULL, 1523331238, 1523331238),
('/kt-post/*', 2, NULL, NULL, NULL, 1534323597, 1534323597),
('/kt-post/create', 2, NULL, NULL, NULL, 1534323597, 1534323597),
('/kt-post/delete', 2, NULL, NULL, NULL, 1534323597, 1534323597),
('/kt-post/index', 2, NULL, NULL, NULL, 1534323597, 1534323597),
('/kt-post/update', 2, NULL, NULL, NULL, 1534323597, 1534323597),
('/kt-post/view', 2, NULL, NULL, NULL, 1534323597, 1534323597),
('/liked/*', 2, NULL, NULL, NULL, 1523331238, 1523331238),
('/liked/create', 2, NULL, NULL, NULL, 1523331238, 1523331238),
('/liked/delete', 2, NULL, NULL, NULL, 1523331238, 1523331238),
('/liked/index', 2, NULL, NULL, NULL, 1523331238, 1523331238),
('/liked/update', 2, NULL, NULL, NULL, 1523331238, 1523331238),
('/liked/view', 2, NULL, NULL, NULL, 1523331238, 1523331238),
('/love/*', 2, NULL, NULL, NULL, 1523331238, 1523331238),
('/love/create', 2, NULL, NULL, NULL, 1523331238, 1523331238),
('/love/delete', 2, NULL, NULL, NULL, 1523331238, 1523331238),
('/love/index', 2, NULL, NULL, NULL, 1523331238, 1523331238),
('/love/update', 2, NULL, NULL, NULL, 1523331238, 1523331238),
('/love/view', 2, NULL, NULL, NULL, 1523331238, 1523331238),
('/photo-comment/*', 2, NULL, NULL, NULL, 1523331238, 1523331238),
('/photo-comment/create', 2, NULL, NULL, NULL, 1523331238, 1523331238),
('/photo-comment/delete', 2, NULL, NULL, NULL, 1523331238, 1523331238),
('/photo-comment/index', 2, NULL, NULL, NULL, 1523331238, 1523331238),
('/photo-comment/update', 2, NULL, NULL, NULL, 1523331238, 1523331238),
('/photo-comment/view', 2, NULL, NULL, NULL, 1523331238, 1523331238),
('/photo/*', 2, NULL, NULL, NULL, 1523331238, 1523331238),
('/photo/create', 2, NULL, NULL, NULL, 1523331238, 1523331238),
('/photo/delete', 2, NULL, NULL, NULL, 1523331238, 1523331238),
('/photo/delete-ajax', 2, NULL, NULL, NULL, 1525332810, 1525332810),
('/photo/delete-ajax1', 2, NULL, NULL, NULL, 1528340841, 1528340841),
('/photo/hidden-ajax', 2, NULL, NULL, NULL, 1526464360, 1526464360),
('/photo/index', 2, NULL, NULL, NULL, 1523331238, 1523331238),
('/photo/update', 2, NULL, NULL, NULL, 1523331238, 1523331238),
('/photo/update-article', 2, NULL, NULL, NULL, 1528340839, 1528340839),
('/photo/update-new', 2, NULL, NULL, NULL, 1527215237, 1527215237),
('/photo/view', 2, NULL, NULL, NULL, 1523331238, 1523331238),
('/position/*', 2, NULL, NULL, NULL, 1529304875, 1529304875),
('/position/create', 2, NULL, NULL, NULL, 1529304875, 1529304875),
('/position/delete', 2, NULL, NULL, NULL, 1529304875, 1529304875),
('/position/index', 2, NULL, NULL, NULL, 1529304874, 1529304874),
('/position/update', 2, NULL, NULL, NULL, 1529304875, 1529304875),
('/position/view', 2, NULL, NULL, NULL, 1529304875, 1529304875),
('/post/*', 2, NULL, NULL, NULL, 1523331238, 1523331238),
('/post/create', 2, NULL, NULL, NULL, 1523331238, 1523331238),
('/post/delete', 2, NULL, NULL, NULL, 1523331238, 1523331238),
('/post/index', 2, NULL, NULL, NULL, 1523331238, 1523331238),
('/post/update', 2, NULL, NULL, NULL, 1523331238, 1523331238),
('/post/view', 2, NULL, NULL, NULL, 1523331238, 1523331238),
('/project-marketing/*', 2, NULL, NULL, NULL, 1531963389, 1531963389),
('/project-marketing/index', 2, NULL, NULL, NULL, 1531963389, 1531963389),
('/project-tieubieu/*', 2, NULL, NULL, NULL, 1551316766, 1551316766),
('/project-tieubieu/change-status', 2, NULL, NULL, NULL, 1551316766, 1551316766),
('/project-tieubieu/change-tieubieu', 2, NULL, NULL, NULL, 1551316766, 1551316766),
('/project-tieubieu/change-time-change', 2, NULL, NULL, NULL, 1551316766, 1551316766),
('/project-tieubieu/create', 2, NULL, NULL, NULL, 1551316766, 1551316766),
('/project-tieubieu/delete', 2, NULL, NULL, NULL, 1551316766, 1551316766),
('/project-tieubieu/index', 2, NULL, NULL, NULL, 1551316766, 1551316766),
('/project-tieubieu/update', 2, NULL, NULL, NULL, 1551316766, 1551316766),
('/project-tieubieu/view', 2, NULL, NULL, NULL, 1551316766, 1551316766),
('/project/*', 2, NULL, NULL, NULL, 1523331238, 1523331238),
('/project/change-status', 2, NULL, NULL, NULL, 1530781371, 1530781371),
('/project/change-tieubieu', 2, NULL, NULL, NULL, 1551316766, 1551316766),
('/project/change-time-change', 2, NULL, NULL, NULL, 1534835011, 1534835011),
('/project/create', 2, NULL, NULL, NULL, 1523331238, 1523331238),
('/project/delete', 2, NULL, NULL, NULL, 1523331238, 1523331238),
('/project/index', 2, NULL, NULL, NULL, 1523331238, 1523331238),
('/project/update', 2, NULL, NULL, NULL, 1523331238, 1523331238),
('/project/view', 2, NULL, NULL, NULL, 1523331238, 1523331238),
('/question-form-real/*', 2, NULL, NULL, NULL, 1557971120, 1557971120),
('/question-form-real/create', 2, NULL, NULL, NULL, 1557971120, 1557971120),
('/question-form-real/delete', 2, NULL, NULL, NULL, 1557971120, 1557971120),
('/question-form-real/index', 2, NULL, NULL, NULL, 1557971120, 1557971120),
('/question-form-real/update', 2, NULL, NULL, NULL, 1557971120, 1557971120),
('/question-form-real/view', 2, NULL, NULL, NULL, 1557971120, 1557971120),
('/question-form/*', 2, NULL, NULL, NULL, 1557716331, 1557716331),
('/question-form/create', 2, NULL, NULL, NULL, 1557716331, 1557716331),
('/question-form/delete', 2, NULL, NULL, NULL, 1557716331, 1557716331),
('/question-form/index', 2, NULL, NULL, NULL, 1557716331, 1557716331),
('/question-form/update', 2, NULL, NULL, NULL, 1557716331, 1557716331),
('/question-form/view', 2, NULL, NULL, NULL, 1557716331, 1557716331),
('/question/*', 2, NULL, NULL, NULL, 1571021914, 1571021914),
('/question/create', 2, NULL, NULL, NULL, 1571021914, 1571021914),
('/question/delete', 2, NULL, NULL, NULL, 1571021914, 1571021914),
('/question/index', 2, NULL, NULL, NULL, 1571021914, 1571021914),
('/question/update', 2, NULL, NULL, NULL, 1571021914, 1571021914),
('/question/view', 2, NULL, NULL, NULL, 1571021914, 1571021914),
('/report/*', 2, NULL, NULL, NULL, 1523331238, 1523331238),
('/report/create', 2, NULL, NULL, NULL, 1523331238, 1523331238),
('/report/delete', 2, NULL, NULL, NULL, 1523331238, 1523331238),
('/report/index', 2, NULL, NULL, NULL, 1523331238, 1523331238),
('/report/update', 2, NULL, NULL, NULL, 1523331238, 1523331238),
('/report/view', 2, NULL, NULL, NULL, 1523331238, 1523331238),
('/result-vs-question/*', 2, NULL, NULL, NULL, 1571021914, 1571021914),
('/result-vs-question/create', 2, NULL, NULL, NULL, 1571021914, 1571021914),
('/result-vs-question/delete', 2, NULL, NULL, NULL, 1571021914, 1571021914),
('/result-vs-question/index', 2, NULL, NULL, NULL, 1571021914, 1571021914),
('/result-vs-question/update', 2, NULL, NULL, NULL, 1571021914, 1571021914),
('/result-vs-question/view', 2, NULL, NULL, NULL, 1571021914, 1571021914),
('/setup/*', 2, NULL, NULL, NULL, 1523331238, 1523331238),
('/setup/create', 2, NULL, NULL, NULL, 1523331238, 1523331238),
('/setup/delete', 2, NULL, NULL, NULL, 1523331238, 1523331238),
('/setup/index', 2, NULL, NULL, NULL, 1523331238, 1523331238),
('/setup/update', 2, NULL, NULL, NULL, 1523331238, 1523331238),
('/setup/view', 2, NULL, NULL, NULL, 1523331238, 1523331238),
('/site/*', 2, NULL, NULL, NULL, 1523331238, 1523331238),
('/site/category-of-comment', 2, NULL, NULL, NULL, 1571021914, 1571021914),
('/site/count-comment', 2, NULL, NULL, NULL, 1571021914, 1571021914),
('/site/count-email', 2, NULL, NULL, NULL, 1571021914, 1571021914),
('/site/count-like', 2, NULL, NULL, NULL, 1571021914, 1571021914),
('/site/count-photo', 2, NULL, NULL, NULL, 1571021914, 1571021914),
('/site/count-reply', 2, NULL, NULL, NULL, 1571021914, 1571021914),
('/site/customer-id-info-kts', 2, NULL, NULL, NULL, 1571021914, 1571021914),
('/site/customer-id-photo', 2, NULL, NULL, NULL, 1571021914, 1571021914),
('/site/customer-of-photo', 2, NULL, NULL, NULL, 1571021914, 1571021914),
('/site/customer-province', 2, NULL, NULL, NULL, 1571021914, 1571021914),
('/site/customer-tagvspost', 2, NULL, NULL, NULL, 1571021914, 1571021914),
('/site/error', 2, NULL, NULL, NULL, 1523331238, 1523331238),
('/site/id-type-tag-vs-post', 2, NULL, NULL, NULL, 1571021914, 1571021914),
('/site/index', 2, NULL, NULL, NULL, 1523331238, 1523331238),
('/site/login', 2, NULL, NULL, NULL, 1523331238, 1523331238),
('/site/logout', 2, NULL, NULL, NULL, 1523331238, 1523331238),
('/site/project-customer', 2, NULL, NULL, NULL, 1571021914, 1571021914),
('/site/province-customer', 2, NULL, NULL, NULL, 1571021914, 1571021914),
('/site/province-tagvspost', 2, NULL, NULL, NULL, 1571021914, 1571021914),
('/site/statistical-customer', 2, NULL, NULL, NULL, 1571021914, 1571021914),
('/site/tag-of-project', 2, NULL, NULL, NULL, 1571021914, 1571021914),
('/site/top-tagvspost', 2, NULL, NULL, NULL, 1571021914, 1571021914),
('/site/total-tag', 2, NULL, NULL, NULL, 1571021914, 1571021914),
('/specialize/*', 2, NULL, NULL, NULL, 1571988687, 1571988687),
('/specialize/create', 2, NULL, NULL, NULL, 1571988687, 1571988687),
('/specialize/delete', 2, NULL, NULL, NULL, 1571988687, 1571988687),
('/specialize/index', 2, NULL, NULL, NULL, 1571988687, 1571988687),
('/specialize/update', 2, NULL, NULL, NULL, 1571988687, 1571988687),
('/specialize/view', 2, NULL, NULL, NULL, 1571988687, 1571988687),
('/sub-info/*', 2, NULL, NULL, NULL, 1529035688, 1529035688),
('/sub-info/create', 2, NULL, NULL, NULL, 1529035688, 1529035688),
('/sub-info/delete', 2, NULL, NULL, NULL, 1529035688, 1529035688),
('/sub-info/index', 2, NULL, NULL, NULL, 1529035688, 1529035688),
('/sub-info/update', 2, NULL, NULL, NULL, 1529035688, 1529035688),
('/sub-info/view', 2, NULL, NULL, NULL, 1529035688, 1529035688),
('/tag-album/*', 2, NULL, NULL, NULL, 1529033216, 1529033216),
('/tag-album/ajax-tag-type', 2, NULL, NULL, NULL, 1529033216, 1529033216),
('/tag-album/create', 2, NULL, NULL, NULL, 1529033216, 1529033216),
('/tag-album/delete', 2, NULL, NULL, NULL, 1529033216, 1529033216),
('/tag-album/hide', 2, NULL, NULL, NULL, 1529033216, 1529033216),
('/tag-album/index', 2, NULL, NULL, NULL, 1529033216, 1529033216),
('/tag-album/update', 2, NULL, NULL, NULL, 1529033216, 1529033216),
('/tag-album/view', 2, NULL, NULL, NULL, 1529033216, 1529033216),
('/tag-article/*', 2, NULL, NULL, NULL, 1530239435, 1530239435),
('/tag-article/ajax-tag-type', 2, NULL, NULL, NULL, 1530239435, 1530239435),
('/tag-article/create', 2, NULL, NULL, NULL, 1530239435, 1530239435),
('/tag-article/delete', 2, NULL, NULL, NULL, 1530239435, 1530239435),
('/tag-article/hide', 2, NULL, NULL, NULL, 1530239435, 1530239435),
('/tag-article/index', 2, NULL, NULL, NULL, 1530239435, 1530239435),
('/tag-article/update', 2, NULL, NULL, NULL, 1530239435, 1530239435),
('/tag-article/view', 2, NULL, NULL, NULL, 1530239435, 1530239435),
('/tag-ask/*', 2, NULL, NULL, NULL, 1529034419, 1529034419),
('/tag-ask/ajax-tag-type', 2, NULL, NULL, NULL, 1529034419, 1529034419),
('/tag-ask/create', 2, NULL, NULL, NULL, 1529034419, 1529034419),
('/tag-ask/delete', 2, NULL, NULL, NULL, 1529034419, 1529034419),
('/tag-ask/hide', 2, NULL, NULL, NULL, 1529034419, 1529034419),
('/tag-ask/index', 2, NULL, NULL, NULL, 1529034419, 1529034419),
('/tag-ask/update', 2, NULL, NULL, NULL, 1529034419, 1529034419),
('/tag-ask/view', 2, NULL, NULL, NULL, 1529034419, 1529034419),
('/tag-project/*', 2, NULL, NULL, NULL, 1529033216, 1529033216),
('/tag-project/ajax-tag-type', 2, NULL, NULL, NULL, 1529033216, 1529033216),
('/tag-project/create', 2, NULL, NULL, NULL, 1529033216, 1529033216),
('/tag-project/delete', 2, NULL, NULL, NULL, 1529033216, 1529033216),
('/tag-project/hide', 2, NULL, NULL, NULL, 1529033216, 1529033216),
('/tag-project/index', 2, NULL, NULL, NULL, 1529033216, 1529033216),
('/tag-project/index-hm', 2, NULL, NULL, NULL, 1571021914, 1571021914),
('/tag-project/index-lct', 2, NULL, NULL, NULL, 1571021914, 1571021914),
('/tag-project/index-pc', 2, NULL, NULL, NULL, 1571021914, 1571021914),
('/tag-project/index-pm', 2, NULL, NULL, NULL, 1571021914, 1571021914),
('/tag-project/index-tt', 2, NULL, NULL, NULL, 1571021914, 1571021914),
('/tag-project/update', 2, NULL, NULL, NULL, 1529033216, 1529033216),
('/tag-project/view', 2, NULL, NULL, NULL, 1529033216, 1529033216),
('/tag-vs-post/*', 2, NULL, NULL, NULL, 1523343567, 1523343567),
('/tag-vs-post/create', 2, NULL, NULL, NULL, 1523343566, 1523343566),
('/tag-vs-post/delete', 2, NULL, NULL, NULL, 1523343567, 1523343567),
('/tag-vs-post/index', 2, NULL, NULL, NULL, 1523343566, 1523343566),
('/tag-vs-post/update', 2, NULL, NULL, NULL, 1523343567, 1523343567),
('/tag-vs-post/view', 2, NULL, NULL, NULL, 1523343566, 1523343566),
('/tag-vs-tang/*', 2, NULL, NULL, NULL, 1527062504, 1527062504),
('/tag-vs-tang/create', 2, NULL, NULL, NULL, 1527062504, 1527062504),
('/tag-vs-tang/create-new', 2, NULL, NULL, NULL, 1527133159, 1527133159),
('/tag-vs-tang/delete', 2, NULL, NULL, NULL, 1527062504, 1527062504),
('/tag-vs-tang/index', 2, NULL, NULL, NULL, 1527062504, 1527062504),
('/tag-vs-tang/update', 2, NULL, NULL, NULL, 1527062504, 1527062504),
('/tag-vs-tang/view', 2, NULL, NULL, NULL, 1527062504, 1527062504),
('/tag/*', 2, NULL, NULL, NULL, 1523343566, 1523343566),
('/tag/ajax-tag-type', 2, NULL, NULL, NULL, 1525332810, 1525332810),
('/tag/create', 2, NULL, NULL, NULL, 1523343566, 1523343566),
('/tag/delete', 2, NULL, NULL, NULL, 1523343566, 1523343566),
('/tag/hide', 2, NULL, NULL, NULL, 1527215239, 1527215239),
('/tag/index', 2, NULL, NULL, NULL, 1523343566, 1523343566),
('/tag/update', 2, NULL, NULL, NULL, 1523343566, 1523343566),
('/tag/view', 2, NULL, NULL, NULL, 1523343566, 1523343566),
('/tang/*', 2, NULL, NULL, NULL, 1527062505, 1527062505),
('/tang/ajax-tag-type', 2, NULL, NULL, NULL, 1527062505, 1527062505),
('/tang/create', 2, NULL, NULL, NULL, 1527062505, 1527062505),
('/tang/delete', 2, NULL, NULL, NULL, 1527062505, 1527062505),
('/tang/index', 2, NULL, NULL, NULL, 1527062504, 1527062504),
('/tang/update', 2, NULL, NULL, NULL, 1527062505, 1527062505),
('/tang/view', 2, NULL, NULL, NULL, 1527062504, 1527062504),
('/team/*', 2, NULL, NULL, NULL, 1557908205, 1557908205),
('/team/create', 2, NULL, NULL, NULL, 1557908205, 1557908205),
('/team/delete', 2, NULL, NULL, NULL, 1557908205, 1557908205),
('/team/index', 2, NULL, NULL, NULL, 1557908205, 1557908205),
('/team/update', 2, NULL, NULL, NULL, 1557908205, 1557908205),
('/team/view', 2, NULL, NULL, NULL, 1557908205, 1557908205),
('/thank/*', 2, NULL, NULL, NULL, 1523343567, 1523343567),
('/thank/create', 2, NULL, NULL, NULL, 1523343567, 1523343567),
('/thank/delete', 2, NULL, NULL, NULL, 1523343567, 1523343567),
('/thank/index', 2, NULL, NULL, NULL, 1523343567, 1523343567),
('/thank/update', 2, NULL, NULL, NULL, 1523343567, 1523343567),
('/thank/view', 2, NULL, NULL, NULL, 1523343567, 1523343567),
('/time-line/*', 2, NULL, NULL, NULL, 1523343567, 1523343567),
('/time-line/create', 2, NULL, NULL, NULL, 1523343567, 1523343567),
('/time-line/delete', 2, NULL, NULL, NULL, 1523343567, 1523343567),
('/time-line/index', 2, NULL, NULL, NULL, 1523343567, 1523343567),
('/time-line/update', 2, NULL, NULL, NULL, 1523343567, 1523343567),
('/time-line/view', 2, NULL, NULL, NULL, 1523343567, 1523343567),
('/tl-advert/*', 2, NULL, NULL, NULL, 1541466992, 1541466992),
('/tl-advert/create', 2, NULL, NULL, NULL, 1541466992, 1541466992),
('/tl-advert/delete', 2, NULL, NULL, NULL, 1541466992, 1541466992),
('/tl-advert/index', 2, NULL, NULL, NULL, 1541466992, 1541466992),
('/tl-advert/update', 2, NULL, NULL, NULL, 1541466992, 1541466992),
('/tl-advert/view', 2, NULL, NULL, NULL, 1541466992, 1541466992),
('/tl-category/*', 2, NULL, NULL, NULL, 1540783339, 1540783339),
('/tl-category/create', 2, NULL, NULL, NULL, 1540783339, 1540783339),
('/tl-category/delete', 2, NULL, NULL, NULL, 1540783339, 1540783339),
('/tl-category/index', 2, NULL, NULL, NULL, 1540783339, 1540783339),
('/tl-category/update', 2, NULL, NULL, NULL, 1540783339, 1540783339),
('/tl-category/view', 2, NULL, NULL, NULL, 1540783339, 1540783339),
('/tl-hashtag-vs-post/*', 2, NULL, NULL, NULL, 1557908205, 1557908205),
('/tl-hashtag-vs-post/create', 2, NULL, NULL, NULL, 1557908205, 1557908205),
('/tl-hashtag-vs-post/delete', 2, NULL, NULL, NULL, 1557908205, 1557908205),
('/tl-hashtag-vs-post/index', 2, NULL, NULL, NULL, 1557908205, 1557908205),
('/tl-hashtag-vs-post/update', 2, NULL, NULL, NULL, 1557908205, 1557908205),
('/tl-hashtag-vs-post/view', 2, NULL, NULL, NULL, 1557908205, 1557908205),
('/tl-hashtag/*', 2, NULL, NULL, NULL, 1540783339, 1540783339),
('/tl-hashtag/create', 2, NULL, NULL, NULL, 1540783339, 1540783339),
('/tl-hashtag/delete', 2, NULL, NULL, NULL, 1540783339, 1540783339),
('/tl-hashtag/index', 2, NULL, NULL, NULL, 1540783339, 1540783339),
('/tl-hashtag/update', 2, NULL, NULL, NULL, 1540783339, 1540783339),
('/tl-hashtag/view', 2, NULL, NULL, NULL, 1540783339, 1540783339),
('/tl-received-price/*', 2, NULL, NULL, NULL, 1557908205, 1557908205),
('/tl-received-price/create', 2, NULL, NULL, NULL, 1557908205, 1557908205),
('/tl-received-price/delete', 2, NULL, NULL, NULL, 1557908205, 1557908205),
('/tl-received-price/index', 2, NULL, NULL, NULL, 1557908205, 1557908205),
('/tl-received-price/update', 2, NULL, NULL, NULL, 1557908205, 1557908205),
('/tl-received-price/view', 2, NULL, NULL, NULL, 1557908205, 1557908205),
('/tl-relationship-discuss/*', 2, NULL, NULL, NULL, 1557908205, 1557908205),
('/tl-relationship-discuss/create', 2, NULL, NULL, NULL, 1557908205, 1557908205),
('/tl-relationship-discuss/delete', 2, NULL, NULL, NULL, 1557908205, 1557908205),
('/tl-relationship-discuss/index', 2, NULL, NULL, NULL, 1557908205, 1557908205),
('/tl-relationship-discuss/update', 2, NULL, NULL, NULL, 1557908205, 1557908205),
('/tl-relationship-discuss/view', 2, NULL, NULL, NULL, 1557908205, 1557908205),
('/tl-status/*', 2, NULL, NULL, NULL, 1540783339, 1540783339),
('/tl-status/create', 2, NULL, NULL, NULL, 1540783339, 1540783339),
('/tl-status/delete', 2, NULL, NULL, NULL, 1540783339, 1540783339),
('/tl-status/index', 2, NULL, NULL, NULL, 1540783339, 1540783339),
('/tl-status/update', 2, NULL, NULL, NULL, 1540783339, 1540783339),
('/tl-status/view', 2, NULL, NULL, NULL, 1540783339, 1540783339),
('/tl-style/*', 2, NULL, NULL, NULL, 1540783339, 1540783339),
('/tl-style/create', 2, NULL, NULL, NULL, 1540783339, 1540783339),
('/tl-style/delete', 2, NULL, NULL, NULL, 1540783339, 1540783339),
('/tl-style/index', 2, NULL, NULL, NULL, 1540783339, 1540783339),
('/tl-style/update', 2, NULL, NULL, NULL, 1540783339, 1540783339),
('/tl-style/view', 2, NULL, NULL, NULL, 1540783339, 1540783339),
('/tl-used/*', 2, NULL, NULL, NULL, 1540783339, 1540783339),
('/tl-used/create', 2, NULL, NULL, NULL, 1540783339, 1540783339),
('/tl-used/delete', 2, NULL, NULL, NULL, 1540783339, 1540783339),
('/tl-used/index', 2, NULL, NULL, NULL, 1540783339, 1540783339),
('/tl-used/update', 2, NULL, NULL, NULL, 1540783339, 1540783339),
('/tl-used/view', 2, NULL, NULL, NULL, 1540783339, 1540783339),
('/type-category/*', 2, NULL, NULL, NULL, 1523343567, 1523343567),
('/type-category/create', 2, NULL, NULL, NULL, 1523343567, 1523343567),
('/type-category/delete', 2, NULL, NULL, NULL, 1523343567, 1523343567),
('/type-category/index', 2, NULL, NULL, NULL, 1523343567, 1523343567),
('/type-category/update', 2, NULL, NULL, NULL, 1523343567, 1523343567),
('/type-category/view', 2, NULL, NULL, NULL, 1523343567, 1523343567),
('/type-note/*', 2, NULL, NULL, NULL, 1525333051, 1525333051),
('/type-note/create', 2, NULL, NULL, NULL, 1525333051, 1525333051),
('/type-note/delete', 2, NULL, NULL, NULL, 1525333051, 1525333051),
('/type-note/index', 2, NULL, NULL, NULL, 1525333051, 1525333051),
('/type-note/update', 2, NULL, NULL, NULL, 1525333051, 1525333051),
('/type-note/view', 2, NULL, NULL, NULL, 1525333051, 1525333051),
('/type-post/*', 2, NULL, NULL, NULL, 1523343567, 1523343567),
('/type-post/create', 2, NULL, NULL, NULL, 1523343567, 1523343567),
('/type-post/delete', 2, NULL, NULL, NULL, 1523343567, 1523343567),
('/type-post/index', 2, NULL, NULL, NULL, 1523343567, 1523343567),
('/type-post/update', 2, NULL, NULL, NULL, 1523343567, 1523343567),
('/type-post/view', 2, NULL, NULL, NULL, 1523343567, 1523343567),
('/type-tag/*', 2, NULL, NULL, NULL, 1523343568, 1523343568),
('/type-tag/create', 2, NULL, NULL, NULL, 1523343568, 1523343568),
('/type-tag/delete', 2, NULL, NULL, NULL, 1523343568, 1523343568),
('/type-tag/index', 2, NULL, NULL, NULL, 1523343568, 1523343568),
('/type-tag/update', 2, NULL, NULL, NULL, 1523343568, 1523343568),
('/type-tag/view', 2, NULL, NULL, NULL, 1523343568, 1523343568),
('/unit-area/*', 2, NULL, NULL, NULL, 1525332810, 1525332810),
('/unit-area/create', 2, NULL, NULL, NULL, 1525332810, 1525332810),
('/unit-area/delete', 2, NULL, NULL, NULL, 1525332810, 1525332810),
('/unit-area/index', 2, NULL, NULL, NULL, 1525332810, 1525332810),
('/unit-area/update', 2, NULL, NULL, NULL, 1525332810, 1525332810),
('/unit-area/view', 2, NULL, NULL, NULL, 1525332810, 1525332810),
('/unit-construction/*', 2, NULL, NULL, NULL, 1525332810, 1525332810),
('/unit-construction/create', 2, NULL, NULL, NULL, 1525332810, 1525332810),
('/unit-construction/delete', 2, NULL, NULL, NULL, 1525332810, 1525332810),
('/unit-construction/index', 2, NULL, NULL, NULL, 1525332810, 1525332810),
('/unit-construction/update', 2, NULL, NULL, NULL, 1525332810, 1525332810),
('/unit-construction/view', 2, NULL, NULL, NULL, 1525332810, 1525332810),
('/unit-minimum/*', 2, NULL, NULL, NULL, 1525332810, 1525332810),
('/unit-minimum/create', 2, NULL, NULL, NULL, 1525332810, 1525332810),
('/unit-minimum/delete', 2, NULL, NULL, NULL, 1525332810, 1525332810),
('/unit-minimum/index', 2, NULL, NULL, NULL, 1525332810, 1525332810),
('/unit-minimum/update', 2, NULL, NULL, NULL, 1525332810, 1525332810),
('/unit-minimum/view', 2, NULL, NULL, NULL, 1525332810, 1525332810),
('/unit-price/*', 2, NULL, NULL, NULL, 1525332810, 1525332810),
('/unit-price/create', 2, NULL, NULL, NULL, 1525332810, 1525332810),
('/unit-price/delete', 2, NULL, NULL, NULL, 1525332810, 1525332810),
('/unit-price/index', 2, NULL, NULL, NULL, 1525332810, 1525332810),
('/unit-price/update', 2, NULL, NULL, NULL, 1525332810, 1525332810),
('/unit-price/view', 2, NULL, NULL, NULL, 1525332810, 1525332810),
('/user-res-form/*', 2, NULL, NULL, NULL, 1558064920, 1558064920),
('/user-res-form/ajax-update', 2, NULL, NULL, NULL, 1558422392, 1558422392),
('/user-res-form/create', 2, NULL, NULL, NULL, 1558064920, 1558064920),
('/user-res-form/delete', 2, NULL, NULL, NULL, 1558064920, 1558064920),
('/user-res-form/index', 2, NULL, NULL, NULL, 1558064920, 1558064920),
('/user-res-form/update', 2, NULL, NULL, NULL, 1558064920, 1558064920),
('/user-res-form/view', 2, NULL, NULL, NULL, 1558064920, 1558064920),
('Admin', 1, NULL, NULL, NULL, 1523331108, 1524736767),
('asign', 1, 'Nhan vien nhap lieu cho article', NULL, NULL, NULL, NULL),
('kientrucseo', 1, NULL, NULL, NULL, NULL, NULL),
('marketingProject', 1, ' chi quan li dc project', NULL, NULL, NULL, NULL),
('part-time', 1, 'nhân viên part-time của công ty', NULL, NULL, NULL, NULL),
('Quanli', 1, 'quyen quan li cua kientruc', NULL, NULL, NULL, NULL),
('SaleAdmin', 1, 'phan nay giup quan li taon quyen admin sale', NULL, NULL, NULL, NULL),
('timeline', 1, 'phan này dugn2 de quan lý cụm time line trong menu backend', NULL, NULL, NULL, NULL),
('user', 1, 'quản lí user trong kientruc', NULL, NULL, NULL, NULL),
('user_project', 1, NULL, NULL, NULL, NULL, NULL);

-- --------------------------------------------------------

--
-- Table structure for table `auth_item_child`
--

CREATE TABLE `auth_item_child` (
  `parent` varchar(64) COLLATE utf8_unicode_ci NOT NULL,
  `child` varchar(64) COLLATE utf8_unicode_ci NOT NULL
) ENGINE=InnoDB DEFAULT CHARSET=utf8 COLLATE=utf8_unicode_ci;

--
-- Dumping data for table `auth_item_child`
--

INSERT INTO `auth_item_child` (`parent`, `child`) VALUES
('Admin', '/*'),
('Quanli', '/advert/*'),
('Quanli', '/advert/create'),
('Quanli', '/advert/delete'),
('Quanli', '/advert/index'),
('Quanli', '/advert/update'),
('Quanli', '/advert/view'),
('asign', '/ajax/*'),
('Quanli', '/ajax/*'),
('asign', '/ajax/ajax-create-link'),
('kientrucseo', '/ajax/ajax-create-link'),
('part-time', '/ajax/ajax-create-link'),
('Quanli', '/ajax/ajax-create-link'),
('asign', '/ajax/ajax-loading-list-image'),
('kientrucseo', '/ajax/ajax-loading-list-image'),
('part-time', '/ajax/ajax-loading-list-image'),
('Quanli', '/ajax/ajax-loading-list-image'),
('asign', '/ajax/my-image'),
('kientrucseo', '/ajax/my-image'),
('part-time', '/ajax/my-image'),
('Quanli', '/ajax/my-image'),
('asign', '/ajax/postlist'),
('Quanli', '/ajax/postlist'),
('asign', '/ajax/tags-link'),
('Quanli', '/ajax/tags-link'),
('Quanli', '/ajax/thongke-post'),
('Quanli', '/ajax/thongke-user'),
('Quanli', '/album/*'),
('Quanli', '/album/create'),
('Quanli', '/album/delete'),
('Quanli', '/album/get-ip'),
('Quanli', '/album/index'),
('Quanli', '/album/update'),
('Quanli', '/album/view'),
('asign', '/article-introduce/create'),
('kientrucseo', '/article-introduce/create'),
('part-time', '/article-introduce/create'),
('Quanli', '/article-introduce/create'),
('asign', '/article-introduce/index'),
('kientrucseo', '/article-introduce/index'),
('part-time', '/article-introduce/index'),
('Quanli', '/article-introduce/index'),
('asign', '/article-introduce/update'),
('kientrucseo', '/article-introduce/update'),
('part-time', '/article-introduce/update'),
('Quanli', '/article-introduce/update'),
('asign', '/article-introduce/view'),
('kientrucseo', '/article-introduce/view'),
('part-time', '/article-introduce/view'),
('Quanli', '/article-introduce/view'),
('kientrucseo', '/article-link/*'),
('part-time', '/article-link/*'),
('part-time', '/article-link/create'),
('part-time', '/article-link/delete'),
('part-time', '/article-link/update'),
('part-time', '/article-link/view'),
('asign', '/article-share/create'),
('Quanli', '/article-share/create'),
('user_project', '/article-share/create'),
('asign', '/article-share/index'),
('Quanli', '/article-share/index'),
('user_project', '/article-share/index'),
('asign', '/article-share/update'),
('Quanli', '/article-share/update'),
('user_project', '/article-share/update'),
('asign', '/article-share/view'),
('Quanli', '/article-share/view'),
('user_project', '/article-share/view'),
('Quanli', '/article-vs-form/*'),
('Quanli', '/article-vs-form/create'),
('Quanli', '/article-vs-form/delete'),
('Quanli', '/article-vs-form/index'),
('Quanli', '/article-vs-form/update'),
('Quanli', '/article-vs-form/view'),
('asign', '/article/create'),
('kientrucseo', '/article/create'),
('part-time', '/article/create'),
('Quanli', '/article/create'),
('Quanli', '/article/delete'),
('asign', '/article/index'),
('kientrucseo', '/article/index'),
('part-time', '/article/index'),
('Quanli', '/article/index'),
('Quanli', '/article/index-all'),
('asign', '/article/update'),
('kientrucseo', '/article/update'),
('part-time', '/article/update'),
('Quanli', '/article/update'),
('asign', '/article/view'),
('kientrucseo', '/article/view'),
('Quanli', '/article/view'),
('Quanli', '/ask-kts/*'),
('user_project', '/ask-kts/*'),
('Quanli', '/ask-kts/create'),
('user_project', '/ask-kts/create'),
('Quanli', '/ask-kts/delete'),
('user_project', '/ask-kts/delete'),
('Quanli', '/ask-kts/index'),
('user_project', '/ask-kts/index'),
('Quanli', '/ask-kts/update'),
('user_project', '/ask-kts/update'),
('Quanli', '/ask-kts/view'),
('user_project', '/ask-kts/view'),
('Quanli', '/ask/*'),
('user_project', '/ask/*'),
('Quanli', '/ask/create'),
('user_project', '/ask/create'),
('Quanli', '/ask/delete'),
('user_project', '/ask/delete'),
('Quanli', '/ask/index'),
('user_project', '/ask/index'),
('Quanli', '/ask/update'),
('user_project', '/ask/update'),
('Quanli', '/ask/view'),
('user_project', '/ask/view'),
('asign', '/category/*'),
('Quanli', '/category/*'),
('asign', '/category/ajax-cate-type'),
('kientrucseo', '/category/ajax-cate-type'),
('Quanli', '/category/ajax-cate-type'),
('user_project', '/category/ajax-cate-type'),
('asign', '/category/create'),
('kientrucseo', '/category/create'),
('Quanli', '/category/create'),
('user_project', '/category/create'),
('asign', '/category/delete'),
('Quanli', '/category/delete'),
('asign', '/category/drop-demo'),
('kientrucseo', '/category/drop-demo'),
('Quanli', '/category/drop-demo'),
('user_project', '/category/drop-demo'),
('asign', '/category/index'),
('kientrucseo', '/category/index'),
('Quanli', '/category/index'),
('user_project', '/category/index'),
('user_project', '/category/test-mail'),
('asign', '/category/update'),
('kientrucseo', '/category/update'),
('Quanli', '/category/update'),
('user_project', '/category/update'),
('asign', '/category/view'),
('kientrucseo', '/category/view'),
('Quanli', '/category/view'),
('user_project', '/category/view'),
('Quanli', '/city-province/index'),
('Quanli', '/city-province/update'),
('Quanli', '/city-province/view'),
('Quanli', '/comment/*'),
('Quanli', '/comment/create'),
('Quanli', '/comment/delete'),
('Quanli', '/comment/index'),
('Quanli', '/comment/update'),
('Quanli', '/comment/view'),
('Quanli', '/company/*'),
('Quanli', '/company/create'),
('Quanli', '/company/delete'),
('Quanli', '/company/index'),
('Quanli', '/company/update'),
('Quanli', '/company/view'),
('Quanli', '/customer-info/*'),
('user', '/customer-info/*'),
('user_project', '/customer-info/*'),
('Quanli', '/customer-info/create'),
('user', '/customer-info/create'),
('user_project', '/customer-info/create'),
('Quanli', '/customer-info/delete'),
('user', '/customer-info/delete'),
('user_project', '/customer-info/delete'),
('Quanli', '/customer-info/index'),
('user', '/customer-info/index'),
('user_project', '/customer-info/index'),
('Quanli', '/customer-info/update'),
('user', '/customer-info/update'),
('user_project', '/customer-info/update'),
('Quanli', '/customer-info/view'),
('user', '/customer-info/view'),
('user_project', '/customer-info/view'),
('Quanli', '/customer-level/*'),
('user', '/customer-level/*'),
('user_project', '/customer-level/*'),
('Quanli', '/customer-level/create'),
('user', '/customer-level/create'),
('user_project', '/customer-level/create'),
('Quanli', '/customer-level/delete'),
('user', '/customer-level/delete'),
('user_project', '/customer-level/delete'),
('Quanli', '/customer-level/index'),
('user', '/customer-level/index'),
('user_project', '/customer-level/index'),
('Quanli', '/customer-level/update'),
('user', '/customer-level/update'),
('user_project', '/customer-level/update'),
('Quanli', '/customer-level/view'),
('user', '/customer-level/view'),
('user_project', '/customer-level/view'),
('Quanli', '/customer-vs-note/*'),
('user', '/customer-vs-note/*'),
('user_project', '/customer-vs-note/*'),
('Quanli', '/customer-vs-note/create'),
('user', '/customer-vs-note/create'),
('user_project', '/customer-vs-note/create'),
('Quanli', '/customer-vs-note/delete'),
('user', '/customer-vs-note/delete'),
('user_project', '/customer-vs-note/delete'),
('Quanli', '/customer-vs-note/index'),
('user', '/customer-vs-note/index'),
('user_project', '/customer-vs-note/index'),
('Quanli', '/customer-vs-note/update'),
('user', '/customer-vs-note/update'),
('user_project', '/customer-vs-note/update'),
('Quanli', '/customer-vs-note/view'),
('user', '/customer-vs-note/view'),
('user_project', '/customer-vs-note/view'),
('Quanli', '/customer/*'),
('user', '/customer/*'),
('user_project', '/customer/*'),
('Quanli', '/customer/ajax-delete-unit-price'),
('user', '/customer/ajax-delete-unit-price'),
('user_project', '/customer/ajax-delete-unit-price'),
('Quanli', '/customer/create'),
('user', '/customer/create'),
('user_project', '/customer/create'),
('Quanli', '/customer/delete'),
('user', '/customer/delete'),
('user_project', '/customer/delete'),
('Quanli', '/customer/index'),
('user', '/customer/index'),
('user_project', '/customer/index'),
('Quanli', '/customer/login-index'),
('user', '/customer/login-index'),
('user_project', '/customer/login-index'),
('Quanli', '/customer/update'),
('user', '/customer/update'),
('user_project', '/customer/update'),
('Quanli', '/customer/view'),
('user', '/customer/view'),
('user_project', '/customer/view'),
('kientrucseo', '/dashboard/index'),
('Quanli', '/dashboard/index'),
('user_project', '/dashboard/index'),
('kientrucseo', '/dashboard/post'),
('Quanli', '/dashboard/post'),
('user_project', '/dashboard/post'),
('kientrucseo', '/dashboard/user'),
('Quanli', '/dashboard/user'),
('user_project', '/dashboard/user'),
('Quanli', '/database/*'),
('Quanli', '/debug/*'),
('Quanli', '/debug/default/*'),
('Quanli', '/debug/default/db-explain'),
('Quanli', '/debug/default/download-mail'),
('Quanli', '/debug/default/index'),
('Quanli', '/debug/default/toolbar'),
('Quanli', '/debug/default/view'),
('Quanli', '/debug/user/*'),
('Quanli', '/debug/user/reset-identity'),
('Quanli', '/debug/user/set-identity'),
('Quanli', '/department/create'),
('Quanli', '/department/delete'),
('Quanli', '/department/index'),
('Quanli', '/department/update'),
('Quanli', '/department/view'),
('Quanli', '/discuss-kts/change-status'),
('user_project', '/discuss-kts/change-status'),
('Quanli', '/discuss-kts/change-time-change'),
('user_project', '/discuss-kts/change-time-change'),
('Quanli', '/discuss-kts/create'),
('part-time', '/discuss-kts/index'),
('Quanli', '/discuss-kts/index'),
('user_project', '/discuss-kts/index'),
('Quanli', '/discuss-kts/update'),
('user_project', '/discuss-kts/update'),
('Quanli', '/discuss-kts/view'),
('user_project', '/discuss-kts/view'),
('Quanli', '/discuss-nvkd/change-status'),
('Quanli', '/discuss-nvkd/change-time-change'),
('Quanli', '/discuss-nvkd/create'),
('Quanli', '/discuss-nvkd/index'),
('Quanli', '/discuss-nvkd/update'),
('Quanli', '/discuss-nvkd/view'),
('Quanli', '/discuss/*'),
('Quanli', '/discuss/change-status'),
('Quanli', '/discuss/change-time-change'),
('Quanli', '/discuss/create'),
('Quanli', '/discuss/delete'),
('Quanli', '/discuss/index'),
('user_project', '/discuss/index'),
('Quanli', '/discuss/update'),
('Quanli', '/discuss/view'),
('asign', '/elfinder/*'),
('kientrucseo', '/elfinder/*'),
('part-time', '/elfinder/*'),
('Quanli', '/elfinder/*'),
('asign', '/elfinder/ckeditor'),
('kientrucseo', '/elfinder/ckeditor'),
('part-time', '/elfinder/ckeditor'),
('Quanli', '/elfinder/ckeditor'),
('asign', '/elfinder/connector'),
('kientrucseo', '/elfinder/connector'),
('part-time', '/elfinder/connector'),
('Quanli', '/elfinder/connector'),
('asign', '/elfinder/input'),
('kientrucseo', '/elfinder/input'),
('part-time', '/elfinder/input'),
('Quanli', '/elfinder/input'),
('asign', '/elfinder/tinymce'),
('kientrucseo', '/elfinder/tinymce'),
('part-time', '/elfinder/tinymce'),
('Quanli', '/elfinder/tinymce'),
('user_project', '/file-download/*'),
('asign', '/file-download/create'),
('Quanli', '/file-download/create'),
('user_project', '/file-download/create'),
('user_project', '/file-download/delete'),
('asign', '/file-download/index'),
('Quanli', '/file-download/index'),
('user_project', '/file-download/index'),
('asign', '/file-download/update'),
('Quanli', '/file-download/update'),
('user_project', '/file-download/update'),
('asign', '/file-download/view'),
('Quanli', '/file-download/view'),
('user_project', '/file-download/view'),
('Quanli', '/form-article/*'),
('kientrucseo', '/form-article/create'),
('Quanli', '/form-article/create'),
('kientrucseo', '/form-article/create-ques'),
('Quanli', '/form-article/create-ques'),
('Quanli', '/form-article/delete'),
('kientrucseo', '/form-article/delete-ques'),
('Quanli', '/form-article/delete-ques'),
('kientrucseo', '/form-article/index'),
('Quanli', '/form-article/index'),
('kientrucseo', '/form-article/update'),
('Quanli', '/form-article/update'),
('kientrucseo', '/form-article/update-ques'),
('Quanli', '/form-article/update-ques'),
('kientrucseo', '/form-article/view'),
('Quanli', '/form-article/view'),
('Quanli', '/gift-change/create'),
('Quanli', '/gift-change/index'),
('user_project', '/gift-change/index'),
('Quanli', '/gift-change/update'),
('user_project', '/gift-change/update'),
('Quanli', '/gift-change/view'),
('user_project', '/gift-change/view'),
('Quanli', '/gift-kts/create'),
('Quanli', '/gift-kts/index'),
('user_project', '/gift-kts/index'),
('Quanli', '/gift-kts/update'),
('user_project', '/gift-kts/update'),
('Quanli', '/gift-kts/view'),
('user_project', '/gift-kts/view'),
('Quanli', '/gift-list/create'),
('Quanli', '/gift-list/delete'),
('Quanli', '/gift-list/index'),
('user_project', '/gift-list/index'),
('Quanli', '/gift-list/update'),
('user_project', '/gift-list/update'),
('Quanli', '/gift-list/view'),
('user_project', '/gift-list/view'),
('user_project', '/gift-present-new/index'),
('user_project', '/gift-present-new/update'),
('user_project', '/gift-present-new/update-all'),
('user_project', '/gift-present-new/update-note'),
('user_project', '/gift-present-new/view'),
('Quanli', '/gift-present/create'),
('Quanli', '/gift-present/index'),
('user_project', '/gift-present/index'),
('Quanli', '/gift-present/update'),
('user_project', '/gift-present/update'),
('Quanli', '/gift-present/update-all'),
('user_project', '/gift-present/update-all'),
('Quanli', '/gift-present/update-note'),
('user_project', '/gift-present/update-note'),
('Quanli', '/gift-present/view'),
('user_project', '/gift-present/view'),
('Quanli', '/gift-vs-article/create'),
('Quanli', '/gift-vs-article/index'),
('user_project', '/gift-vs-article/index'),
('Quanli', '/gift-vs-article/update'),
('user_project', '/gift-vs-article/update'),
('Quanli', '/gift-vs-article/view'),
('user_project', '/gift-vs-article/view'),
('Quanli', '/gift-vs-post/create'),
('Quanli', '/gift-vs-post/index'),
('user_project', '/gift-vs-post/index'),
('Quanli', '/gift-vs-post/update'),
('user_project', '/gift-vs-post/update'),
('Quanli', '/gift-vs-post/view'),
('user_project', '/gift-vs-post/view'),
('Quanli', '/gii/*'),
('Quanli', '/gii/default/*'),
('Quanli', '/gii/default/action'),
('Quanli', '/gii/default/diff'),
('Quanli', '/gii/default/index'),
('Quanli', '/gii/default/preview'),
('Quanli', '/gii/default/view'),
('Quanli', '/gridview/*'),
('Quanli', '/gridview/export/*'),
('Quanli', '/gridview/export/download'),
('SaleAdmin', '/kt-post/*'),
('SaleAdmin', '/kt-post/create'),
('SaleAdmin', '/kt-post/delete'),
('SaleAdmin', '/kt-post/index'),
('SaleAdmin', '/kt-post/update'),
('SaleAdmin', '/kt-post/view'),
('Quanli', '/liked/*'),
('Quanli', '/liked/create'),
('Quanli', '/liked/delete'),
('Quanli', '/liked/index'),
('Quanli', '/liked/update'),
('Quanli', '/liked/view'),
('Quanli', '/love/*'),
('Quanli', '/love/create'),
('Quanli', '/love/delete'),
('Quanli', '/love/index'),
('Quanli', '/love/update'),
('Quanli', '/love/view'),
('Quanli', '/photo-comment/*'),
('Quanli', '/photo-comment/create'),
('Quanli', '/photo-comment/delete'),
('Quanli', '/photo-comment/index'),
('Quanli', '/photo-comment/update'),
('Quanli', '/photo-comment/view'),
('Quanli', '/photo/*'),
('Quanli', '/photo/create'),
('Quanli', '/photo/delete'),
('asign', '/photo/delete-ajax'),
('part-time', '/photo/delete-ajax'),
('Quanli', '/photo/delete-ajax'),
('Quanli', '/photo/delete-ajax1'),
('asign', '/photo/hidden-ajax'),
('Quanli', '/photo/hidden-ajax'),
('Quanli', '/photo/index'),
('asign', '/photo/update'),
('Quanli', '/photo/update'),
('asign', '/photo/update-article'),
('part-time', '/photo/update-article'),
('Quanli', '/photo/update-article'),
('asign', '/photo/update-new'),
('Quanli', '/photo/update-new'),
('Quanli', '/photo/view'),
('Quanli', '/position/*'),
('Quanli', '/position/create'),
('Quanli', '/position/delete'),
('Quanli', '/position/index'),
('Quanli', '/position/update'),
('Quanli', '/position/view'),
('Quanli', '/post/*'),
('Quanli', '/post/create'),
('Quanli', '/post/delete'),
('Quanli', '/post/index'),
('Quanli', '/post/update'),
('Quanli', '/post/view'),
('marketingProject', '/project-marketing/index'),
('kientrucseo', '/project-tieubieu/change-status'),
('Quanli', '/project-tieubieu/change-status'),
('kientrucseo', '/project-tieubieu/change-tieubieu'),
('Quanli', '/project-tieubieu/change-tieubieu'),
('kientrucseo', '/project-tieubieu/change-time-change'),
('Quanli', '/project-tieubieu/change-time-change'),
('Quanli', '/project-tieubieu/create'),
('Quanli', '/project-tieubieu/delete'),
('kientrucseo', '/project-tieubieu/index'),
('Quanli', '/project-tieubieu/index'),
('user_project', '/project-tieubieu/index'),
('Quanli', '/project-tieubieu/update'),
('Quanli', '/project-tieubieu/view'),
('Quanli', '/project/*'),
('user_project', '/project/*'),
('Quanli', '/project/change-status'),
('user_project', '/project/change-status'),
('Quanli', '/project/change-tieubieu'),
('asign', '/project/change-time-change'),
('Quanli', '/project/change-time-change'),
('Quanli', '/project/create'),
('user_project', '/project/create'),
('Quanli', '/project/delete'),
('user_project', '/project/delete'),
('part-time', '/project/index'),
('Quanli', '/project/index'),
('user_project', '/project/index'),
('Quanli', '/project/update'),
('user_project', '/project/update'),
('Quanli', '/project/view'),
('user_project', '/project/view'),
('Quanli', '/question-form/*'),
('Quanli', '/question-form/create'),
('Quanli', '/question-form/delete'),
('Quanli', '/question-form/index'),
('Quanli', '/question-form/update'),
('Quanli', '/question-form/view'),
('Quanli', '/report/*'),
('Quanli', '/report/create'),
('Quanli', '/report/delete'),
('Quanli', '/report/index'),
('Quanli', '/report/update'),
('Quanli', '/report/view'),
('Quanli', '/setup/*'),
('Quanli', '/setup/create'),
('Quanli', '/setup/delete'),
('Quanli', '/setup/index'),
('Quanli', '/setup/update'),
('Quanli', '/setup/view'),
('Quanli', '/site/*'),
('Quanli', '/site/error'),
('Quanli', '/site/index'),
('Quanli', '/site/login'),
('Quanli', '/site/logout'),
('user', '/specialize/*'),
('user', '/specialize/create'),
('user', '/specialize/delete'),
('user', '/specialize/index'),
('user', '/specialize/update'),
('user', '/specialize/view'),
('Quanli', '/sub-info/*'),
('Quanli', '/sub-info/create'),
('Quanli', '/sub-info/delete'),
('Quanli', '/sub-info/index'),
('Quanli', '/sub-info/update'),
('Quanli', '/sub-info/view'),
('Quanli', '/tag-album/*'),
('Quanli', '/tag-album/ajax-tag-type'),
('Quanli', '/tag-album/create'),
('Quanli', '/tag-album/delete'),
('Quanli', '/tag-album/hide'),
('Quanli', '/tag-album/index'),
('Quanli', '/tag-album/update'),
('Quanli', '/tag-album/view'),
('user_project', '/tag-article/*'),
('asign', '/tag-article/ajax-tag-type'),
('kientrucseo', '/tag-article/ajax-tag-type'),
('Quanli', '/tag-article/ajax-tag-type'),
('user_project', '/tag-article/ajax-tag-type'),
('asign', '/tag-article/create'),
('kientrucseo', '/tag-article/create'),
('Quanli', '/tag-article/create'),
('user_project', '/tag-article/create'),
('user_project', '/tag-article/delete'),
('asign', '/tag-article/hide'),
('kientrucseo', '/tag-article/hide'),
('Quanli', '/tag-article/hide'),
('user_project', '/tag-article/hide'),
('asign', '/tag-article/index'),
('kientrucseo', '/tag-article/index'),
('Quanli', '/tag-article/index'),
('user_project', '/tag-article/index'),
('asign', '/tag-article/update'),
('kientrucseo', '/tag-article/update'),
('Quanli', '/tag-article/update'),
('user_project', '/tag-article/update'),
('asign', '/tag-article/view'),
('kientrucseo', '/tag-article/view'),
('Quanli', '/tag-article/view'),
('user_project', '/tag-article/view'),
('Quanli', '/tag-ask/*'),
('user_project', '/tag-ask/*'),
('Quanli', '/tag-ask/ajax-tag-type'),
('user_project', '/tag-ask/ajax-tag-type'),
('Quanli', '/tag-ask/create'),
('user_project', '/tag-ask/create'),
('Quanli', '/tag-ask/delete'),
('user_project', '/tag-ask/delete'),
('Quanli', '/tag-ask/hide'),
('user_project', '/tag-ask/hide'),
('Quanli', '/tag-ask/index'),
('user_project', '/tag-ask/index'),
('Quanli', '/tag-ask/update'),
('user_project', '/tag-ask/update'),
('Quanli', '/tag-ask/view'),
('user_project', '/tag-ask/view'),
('Quanli', '/tag-project/*'),
('user_project', '/tag-project/*'),
('Quanli', '/tag-project/ajax-tag-type'),
('user_project', '/tag-project/ajax-tag-type'),
('Quanli', '/tag-project/create'),
('user_project', '/tag-project/create'),
('Quanli', '/tag-project/delete'),
('user_project', '/tag-project/delete'),
('Quanli', '/tag-project/hide'),
('user_project', '/tag-project/hide'),
('Quanli', '/tag-project/index'),
('user_project', '/tag-project/index'),
('Quanli', '/tag-project/update'),
('user_project', '/tag-project/update'),
('Quanli', '/tag-project/view'),
('user_project', '/tag-project/view'),
('asign', '/tag-vs-post/*'),
('Quanli', '/tag-vs-post/*'),
('user_project', '/tag-vs-post/*'),
('asign', '/tag-vs-post/create'),
('Quanli', '/tag-vs-post/create'),
('asign', '/tag-vs-post/delete'),
('Quanli', '/tag-vs-post/delete'),
('asign', '/tag-vs-post/index'),
('Quanli', '/tag-vs-post/index'),
('asign', '/tag-vs-post/update'),
('Quanli', '/tag-vs-post/update'),
('asign', '/tag-vs-post/view'),
('Quanli', '/tag-vs-post/view'),
('asign', '/tag-vs-tang/*'),
('Quanli', '/tag-vs-tang/*'),
('asign', '/tag-vs-tang/create'),
('Quanli', '/tag-vs-tang/create'),
('user_project', '/tag-vs-tang/create'),
('asign', '/tag-vs-tang/create-new'),
('Quanli', '/tag-vs-tang/create-new'),
('user_project', '/tag-vs-tang/create-new'),
('asign', '/tag-vs-tang/delete'),
('Quanli', '/tag-vs-tang/delete'),
('asign', '/tag-vs-tang/index'),
('Quanli', '/tag-vs-tang/index'),
('user_project', '/tag-vs-tang/index'),
('asign', '/tag-vs-tang/update'),
('Quanli', '/tag-vs-tang/update'),
('user_project', '/tag-vs-tang/update'),
('asign', '/tag-vs-tang/view'),
('Quanli', '/tag-vs-tang/view'),
('user_project', '/tag-vs-tang/view'),
('Quanli', '/tag/*'),
('Quanli', '/tag/ajax-tag-type'),
('user_project', '/tag/ajax-tag-type'),
('Quanli', '/tag/create'),
('user_project', '/tag/create'),
('Quanli', '/tag/delete'),
('Quanli', '/tag/hide'),
('user_project', '/tag/hide'),
('Quanli', '/tag/index'),
('user_project', '/tag/index'),
('Quanli', '/tag/update'),
('user_project', '/tag/update'),
('Quanli', '/tag/view'),
('user_project', '/tag/view'),
('Quanli', '/tang/*'),
('asign', '/tang/ajax-tag-type'),
('Quanli', '/tang/ajax-tag-type'),
('user_project', '/tang/ajax-tag-type'),
('Quanli', '/tang/create'),
('user_project', '/tang/create'),
('Quanli', '/tang/delete'),
('Quanli', '/tang/index'),
('user_project', '/tang/index'),
('Quanli', '/tang/update'),
('user_project', '/tang/update'),
('Quanli', '/tang/view'),
('user_project', '/tang/view'),
('Quanli', '/thank/*'),
('Quanli', '/thank/create'),
('Quanli', '/thank/delete'),
('Quanli', '/thank/index'),
('Quanli', '/thank/update'),
('Quanli', '/thank/view'),
('Quanli', '/time-line/*'),
('Quanli', '/time-line/create'),
('Quanli', '/time-line/delete'),
('Quanli', '/time-line/index'),
('Quanli', '/time-line/update'),
('Quanli', '/time-line/view'),
('timeline', '/tl-advert/*'),
('timeline', '/tl-advert/create'),
('timeline', '/tl-advert/delete'),
('timeline', '/tl-advert/index'),
('timeline', '/tl-advert/update'),
('timeline', '/tl-advert/view'),
('timeline', '/tl-category/*'),
('user_project', '/tl-category/*'),
('kientrucseo', '/tl-category/create'),
('timeline', '/tl-category/create'),
('user_project', '/tl-category/create'),
('timeline', '/tl-category/delete'),
('kientrucseo', '/tl-category/index'),
('timeline', '/tl-category/index'),
('user_project', '/tl-category/index'),
('kientrucseo', '/tl-category/update'),
('timeline', '/tl-category/update'),
('user_project', '/tl-category/update'),
('kientrucseo', '/tl-category/view'),
('timeline', '/tl-category/view'),
('user_project', '/tl-category/view'),
('timeline', '/tl-hashtag/*'),
('timeline', '/tl-hashtag/create'),
('timeline', '/tl-hashtag/delete'),
('timeline', '/tl-hashtag/index'),
('timeline', '/tl-hashtag/update'),
('timeline', '/tl-hashtag/view'),
('timeline', '/tl-status/*'),
('timeline', '/tl-status/create'),
('timeline', '/tl-status/delete'),
('timeline', '/tl-status/index'),
('timeline', '/tl-status/update'),
('timeline', '/tl-status/view'),
('timeline', '/tl-style/*'),
('timeline', '/tl-style/create'),
('timeline', '/tl-style/delete'),
('timeline', '/tl-style/index'),
('timeline', '/tl-style/update'),
('timeline', '/tl-style/view'),
('timeline', '/tl-used/*'),
('timeline', '/tl-used/create'),
('timeline', '/tl-used/delete'),
('timeline', '/tl-used/index'),
('timeline', '/tl-used/update'),
('timeline', '/tl-used/view'),
('asign', '/type-category/*'),
('Quanli', '/type-category/*'),
('asign', '/type-category/create'),
('kientrucseo', '/type-category/create'),
('Quanli', '/type-category/create'),
('user_project', '/type-category/create'),
('asign', '/type-category/delete'),
('Quanli', '/type-category/delete'),
('asign', '/type-category/index'),
('kientrucseo', '/type-category/index'),
('Quanli', '/type-category/index'),
('user_project', '/type-category/index'),
('asign', '/type-category/update'),
('kientrucseo', '/type-category/update'),
('Quanli', '/type-category/update'),
('user_project', '/type-category/update'),
('asign', '/type-category/view'),
('kientrucseo', '/type-category/view'),
('Quanli', '/type-category/view'),
('user_project', '/type-category/view'),
('Quanli', '/type-note/*'),
('Quanli', '/type-note/create'),
('Quanli', '/type-note/delete'),
('Quanli', '/type-note/index'),
('Quanli', '/type-note/update'),
('Quanli', '/type-note/view'),
('Quanli', '/type-post/*'),
('Quanli', '/type-post/create'),
('Quanli', '/type-post/delete'),
('Quanli', '/type-post/index'),
('Quanli', '/type-post/update'),
('Quanli', '/type-post/view'),
('asign', '/type-tag/*'),
('Quanli', '/type-tag/*'),
('asign', '/type-tag/create'),
('Quanli', '/type-tag/create'),
('asign', '/type-tag/delete'),
('Quanli', '/type-tag/delete'),
('asign', '/type-tag/index'),
('Quanli', '/type-tag/index'),
('asign', '/type-tag/update'),
('Quanli', '/type-tag/update'),
('asign', '/type-tag/view'),
('Quanli', '/type-tag/view'),
('Quanli', '/unit-area/create'),
('Quanli', '/unit-area/index'),
('Quanli', '/unit-area/update'),
('Quanli', '/unit-area/view'),
('Quanli', '/unit-construction/*'),
('Quanli', '/unit-construction/create'),
('Quanli', '/unit-construction/delete'),
('Quanli', '/unit-construction/index'),
('Quanli', '/unit-construction/update'),
('Quanli', '/unit-construction/view'),
('Quanli', '/unit-minimum/*'),
('Quanli', '/unit-minimum/create'),
('Quanli', '/unit-minimum/delete'),
('Quanli', '/unit-minimum/index'),
('Quanli', '/unit-minimum/update'),
('Quanli', '/unit-minimum/view'),
('Quanli', '/unit-price/*'),
('Quanli', '/unit-price/create'),
('Quanli', '/unit-price/delete'),
('Quanli', '/unit-price/index'),
('Quanli', '/unit-price/update'),
('Quanli', '/unit-price/view'),
('kientrucseo', '/user-res-form/ajax-update'),
('Quanli', '/user-res-form/ajax-update'),
('kientrucseo', '/user-res-form/index'),
('Quanli', '/user-res-form/index'),
('kientrucseo', 'timeline');

-- --------------------------------------------------------

--
-- Table structure for table `auth_rule`
--

CREATE TABLE `auth_rule` (
  `name` varchar(64) COLLATE utf8_unicode_ci NOT NULL,
  `data` text COLLATE utf8_unicode_ci,
  `created_at` int(11) DEFAULT NULL,
  `updated_at` int(11) DEFAULT NULL
) ENGINE=InnoDB DEFAULT CHARSET=utf8 COLLATE=utf8_unicode_ci;

-- --------------------------------------------------------

--
-- Table structure for table `menu`
--

CREATE TABLE `menu` (
  `id` int(11) NOT NULL,
  `name` varchar(128) NOT NULL,
  `parent` int(11) DEFAULT NULL,
  `route` varchar(255) DEFAULT NULL,
  `order` int(11) DEFAULT NULL,
  `data` blob
) ENGINE=InnoDB DEFAULT CHARSET=utf8;

--
-- Dumping data for table `menu`
--

INSERT INTO `menu` (`id`, `name`, `parent`, `route`, `order`, `data`) VALUES
(1, 'Frontend', NULL, NULL, NULL, NULL),
(2, 'Backend', NULL, NULL, NULL, NULL),
(6, 'Admin', 2, '/admin/default/index', NULL, 0x66612066612d75736572),
(7, 'User', 6, '/admin/user/index', 1, 0x66612066612d75736572),
(8, 'Roles', 6, '/admin/role/index', 2, 0x66612066612d636f6773),
(9, 'Permissions', 6, '/admin/permission/index', 3, 0x66612066612d636f6773),
(10, 'Routes', 6, '/admin/route/index', 4, 0x66612066612d636f6773),
(11, 'Menus', 6, '/admin/menu/index', 5, 0x66612066612d636f6773),
(12, 'Category', 13, '/category/index', 0, 0x66612066612d6d75736963),
(13, 'Menu Main', 2, '/category/index', 2, 0x66612066612d6c697374),
(14, 'Bài Viết', 13, '/article/index', 2, 0x66612066612d6d75736963),
(15, 'Tags', 20, '/tag/index', NULL, 0x66612066612d736561726368),
(16, 'Thông báo', 13, '/type-note/index', 4, 0x66612066612d636f6d6d656e74),
(17, 'Tài khoản', 13, '/customer/index', 0, 0x66612066612d75736572),
(18, 'Album', 13, '/album/index', 2, 0x66612066612d7468),
(19, 'Dự án', 13, '/project/index', 1, NULL),
(20, 'Tất cả Tag', 13, '/tag/index', 0, NULL),
(21, 'Tầng', 20, '/tang/index', 1, NULL),
(23, 'Câu hỏi', 13, '/admin/default/index', 2, 0x66612066612d7175657374696f6e2d636972636c65),
(24, 'Câu hỏi người dùng', 23, '/ask/index', 1, 0x66612066612d7175657374696f6e2d636972636c652d6f),
(25, 'Câu hỏi kiến trúc sư', 23, '/ask-kts/index', 2, 0x66612066612d7175657374696f6e2d636972636c65),
(26, 'Comment', 13, '/comment/index', 10, 0x66612066612d636f6d6d656e74),
(27, 'AlbumAll', 18, '/album/index', 0, 0x66612066612d74682d6c697374),
(28, 'TagAlbum', 18, '/tag-album/index', 2, 0x66612066612d74616773),
(29, 'Tất cả dự án', 19, '/project/index', 1, 0x66612066612d74682d6c697374),
(30, 'Tags Dự Án', 19, '/tag-project/index', 15, 0x66612066612d74616773),
(31, 'Tags câu hỏi', 23, '/tag-ask/index', 3, 0x66612066612d74616773),
(32, 'Nội dung thông báo', 13, '/sub-info/index', 9, 0x66612066612d6c6966652d72696e67),
(34, 'Tag bài viết', 14, '/tag-article/index', 1, 0x66612066612d74616773),
(35, 'Tạp chí cho chủ nhà', 14, '/article/index', 2, 0x66612066612d736561726368),
(36, 'Marketing', 13, '/admin/default/index', 11, 0x66612066612d626f6f6b6d61726b),
(37, 'Project marketing', 36, '/project-marketing/index', 1, 0x66612066612d74682d6c61726765),
(38, 'Hướng dẫn cho KTS', 14, '/article-introduce/index', 3, 0x66612066612d736561726368),
(39, 'Danh sách bài', 44, '/article-share/index', 2, 0x66612066612d74682d6c61726765),
(41, 'File Chia Sẻ', 44, '/file-download/index', 4, 0x66612066612d66696c65732d6f),
(42, 'City Province', 13, '/city-province/index', 12, 0x66612066612d6c6f636174696f6e2d6172726f77),
(43, 'Nghề nghiệp', 13, '/department/index', 13, 0x66612066612d636f6773),
(44, 'Bài viết chia sẻ', 14, '/article-share/index', 4, 0x66612066612d736561726368),
(45, 'Time line', 13, '/tl-category/index', 100, 0x66612066612d6865617274),
(46, 'Tl Category', 45, '/tl-category/index', 1, 0x66612066612d74682d6c697374),
(47, 'Tl style', 45, '/tl-style/index', 2, 0x66612066612d676c617373),
(48, 'Tl hastag', NULL, '/tl-hashtag/index', 3, 0x66612066612d6d75736963),
(49, 'Tl Công năng', NULL, '/tl-used/index', 4, 0x66612066612d73746172),
(50, 'Tl Tình Trạng', NULL, '/tl-status/index', 5, 0x66612066612d636865636b),
(51, 'Tl Hastag', 45, '/tl-hashtag/index', 3, 0x66612066612d6d75736963),
(52, 'Tl Công năng', 45, '/tl-used/index', 4, 0x66612066612d636865636b),
(53, 'Tl Tình trạng', 45, '/tl-status/index', 5, 0x66612066612d7369676e616c),
(54, 'Tl Adverts', 45, '/tl-advert/index', 6, 0x66612066612d74682d6c697374),
(55, 'Time line', 45, '/discuss/index', 7, 0x66612066612d636c6f636b2d6f),
(56, 'Quà tặng', 2, '/gift-kts/index', 2, 0x66612066612d67696674),
(57, 'Danh sách quà', 56, '/gift-list/index', 1, 0x66612066612d74682d6c697374),
(58, 'Giới thiệu bạn bè', 56, '/gift-present/index', 1, 0x66612066612d636f6d7072657373),
(59, 'Chiến dịch 01', 58, '/gift-present/index', 1, 0x66612066612d776f72647072657373),
(60, 'Lịch sử đổi quà', 56, '/gift-change/index', 3, 0x66612066612d686973746f7279),
(61, 'Thống kê', 2, '/dashboard/index', 3, 0x66612066612d6461736863756265),
(62, 'Chiến dịch 01 (100%)', 58, '/gift-present-new/index', 2, 0x66612066612d67696674),
(63, 'Dự án PRO', 19, '/project-tieubieu/index', 2, 0x66612066612d7468),
(64, 'Tất cả bài viết', 14, '/article/index-all', 1, 0x66612066612d66696c652d696d6167652d6f),
(65, 'Kiến trúc sư', 55, '/discuss-kts/index', 1, 0x66612066612d626c61636b2d746965),
(66, 'Nhân viên kinh doanh', NULL, '/discuss/index', 2, 0x66612066612d626c61636b2d746965),
(67, 'Nhân viên kinh doanh', 55, '/discuss-nvkd/index', 2, 0x66612066612d626c61636b2d746965),
(68, 'Form bài viết', 14, '/form-article/index', 6, 0x66612066612d686f6d65),
(69, 'Kết quả đăng kí form', 14, '/user-res-form/index', 7, 0x66612066612d72656672657368),
(70, 'Tất cả', 17, '/customer/index', 1, 0x66612066612d736561726368),
(71, 'Chủ nhà', 17, '/customer-info/index-cn', 2, 0x66612066612d736561726368),
(72, 'Kinh doanh', 17, '/customer-info/index-kd', 3, 0x66612066612d736561726368),
(73, 'Kiến trúc sư', 17, '/customer-info/index-kts', 4, 0x66612066612d736561726368),
(74, 'Loại công trình', 19, '/tag-project/index-lct', 10, 0x66612066612d736561726368),
(75, 'Hạng mục', 19, '/tag-project/index-hm', 11, 0x66612066612d736561726368),
(76, 'Phong cách', 19, '/tag-project/index-pc', 12, 0x66612066612d736561726368),
(77, 'Trạng thái', 19, '/tag-project/index-tt', 13, 0x66612066612d736561726368),
(78, 'Phần mềm', 19, '/tag-project/index-pm', 14, 0x66612066612d736561726368),
(79, 'Trò chuyện', 2, '/chat/index', 3, 0x66612066612d636f6d6d656e74732d6f),
(80, 'Chat msg', 79, '/chat/index', 1, 0x66612066612d636f6d6d656e74696e67),
(81, 'Câu hỏi', 79, '/question/index', 2, 0x66612066612d7175657374696f6e),
(82, 'Lấy thông tin', 79, '/result-vs-question/index', 3, 0x66612066612d736561726368),
(83, 'Album chứa hình', 18, '/album/index-photo', 1, 0x66612066612d736561726368),
(84, 'Album Project', 18, '/album/index-project', 2, 0x66612066612d736561726368),
(85, 'Chuyên môn', 17, '/specialize/index', 5, 0x66612066612d676c617373);

--
-- Indexes for dumped tables
--

--
-- Indexes for table `auth_assignment`
--
ALTER TABLE `auth_assignment`
  ADD PRIMARY KEY (`item_name`,`user_id`);

--
-- Indexes for table `auth_item`
--
ALTER TABLE `auth_item`
  ADD PRIMARY KEY (`name`),
  ADD KEY `rule_name` (`rule_name`),
  ADD KEY `idx-auth_item-type` (`type`);

--
-- Indexes for table `auth_item_child`
--
ALTER TABLE `auth_item_child`
  ADD PRIMARY KEY (`parent`,`child`),
  ADD KEY `child` (`child`);

--
-- Indexes for table `auth_rule`
--
ALTER TABLE `auth_rule`
  ADD PRIMARY KEY (`name`);

--
-- Indexes for table `menu`
--
ALTER TABLE `menu`
  ADD PRIMARY KEY (`id`),
  ADD KEY `parent` (`parent`);

--
-- AUTO_INCREMENT for dumped tables
--

--
-- AUTO_INCREMENT for table `menu`
--
ALTER TABLE `menu`
  MODIFY `id` int(11) NOT NULL AUTO_INCREMENT, AUTO_INCREMENT=86;
--
-- Constraints for dumped tables
--

--
-- Constraints for table `auth_assignment`
--
ALTER TABLE `auth_assignment`
  ADD CONSTRAINT `auth_assignment_ibfk_1` FOREIGN KEY (`item_name`) REFERENCES `auth_item` (`name`) ON DELETE CASCADE ON UPDATE CASCADE;

--
-- Constraints for table `auth_item`
--
ALTER TABLE `auth_item`
  ADD CONSTRAINT `auth_item_ibfk_1` FOREIGN KEY (`rule_name`) REFERENCES `auth_rule` (`name`) ON DELETE SET NULL ON UPDATE CASCADE;

--
-- Constraints for table `auth_item_child`
--
ALTER TABLE `auth_item_child`
  ADD CONSTRAINT `auth_item_child_ibfk_1` FOREIGN KEY (`parent`) REFERENCES `auth_item` (`name`) ON DELETE CASCADE ON UPDATE CASCADE,
  ADD CONSTRAINT `auth_item_child_ibfk_2` FOREIGN KEY (`child`) REFERENCES `auth_item` (`name`) ON DELETE CASCADE ON UPDATE CASCADE;

--
-- Constraints for table `menu`
--
ALTER TABLE `menu`
  ADD CONSTRAINT `menu_ibfk_1` FOREIGN KEY (`parent`) REFERENCES `menu` (`id`) ON DELETE SET NULL ON UPDATE CASCADE;

/*!40101 SET CHARACTER_SET_CLIENT=@OLD_CHARACTER_SET_CLIENT */;
/*!40101 SET CHARACTER_SET_RESULTS=@OLD_CHARACTER_SET_RESULTS */;
/*!40101 SET COLLATION_CONNECTION=@OLD_COLLATION_CONNECTION */;
